year,community_area,comm_pop,community,commarea_km2,other1,property1,public_order1,violent1,malepop,male15_19pop,male15_24pop,male15_29pop,allwhitepop,allblackpop
2020,1,55643.0,ROGERS PARK,51.25990244057384,180,1947,179,1002,27209,1249,3543,6025,32251,16541
2020,2,78763.0,WEST RIDGE,98.4290948429624,165,1919,161,866,39092,2638,4753,8354,46673,10409
2020,3,59453.0,UPTOWN,65.09564271609112,131,1814,169,851,30022,817,2711,6786,39561,11545
2020,4,41350.0,LINCOLN SQUARE,71.35232822594875,72,1313,78,431,19735,590,1305,3198,33637,2066
2020,5,36142.0,NORTH CENTER,57.05416783863191,59,850,61,191,17723,627,1184,2530,32244,1445
2020,6,101428.0,LAKE VIEW,87.21479925558447,189,3185,178,762,52424,758,6414,17032,87805,5531
2020,7,69568.0,LINCOLN PARK,88.31640045539218,108,2253,102,411,34793,2012,5993,12152,60386,3263
2020,8,95405.0,NEAR NORTH SIDE,76.67589595801923,271,4973,592,1486,46108,858,4545,13631,72782,7576
2020,9,11002.0,EDISON PARK,31.63631378020181,18,185,13,52,5308,189,329,668,10505,143
2020,10,38088.0,NORWOOD PARK,121.95910544621267,77,722,37,202,18342,793,1546,2915,34610,474
2020,11,27194.0,JEFFERSON PARK,64.86816166921948,78,626,42,255,13351,712,1437,2616,20736,1286
2020,12,19928.0,FOREST GLEN,89.13089361873274,30,387,28,112,9667,323,595,1041,16813,274
2020,13,18806.0,NORTH PARK,70.28870642060181,41,513,34,193,8678,581,1190,1909,12589,548
2020,14,49280.0,ALBANY PARK,53.54223080864773,95,1176,171,589,24943,1661,3483,5615,30111,3614
2020,15,63919.0,PORTAGE PARK,110.19609711747748,189,1489,149,792,30988,1962,3994,5870,47428,1955
2020,16,53604.0,IRVING PARK,89.61138229311392,143,1330,117,623,26282,1110,2683,4878,40430,2352
2020,17,43587.0,DUNNING,103.5950011545707,117,818,67,375,21477,1315,2212,3481,35716,1716
2020,18,14382.0,MONTCLARE,27.57639362717424,41,316,40,167,6709,464,890,1421,9739,853
2020,19,78788.0,BELMONT CRAGIN,109.09941466771691,305,1816,410,1263,39202,3125,5729,8658,47045,3742
2020,20,23163.0,HERMOSA,32.60205939915233,97,597,116,385,11806,909,1812,2548,12723,1584
2020,21,37360.0,AVONDALE,55.29059546222403,104,1143,107,476,18372,1007,2297,4566,28235,2169
2020,22,71247.0,LOGAN SQUARE,100.05756668057336,178,2451,252,874,35397,1341,3315,9631,59470,5273
2020,23,54401.0,HUMBOLDT PARK,100.48087648273764,341,2716,1561,2038,25875,1978,4030,6235,19257,19699
2020,24,84564.0,WEST TOWN,127.56290457232984,215,3769,235,1074,42810,793,2987,11810,69276,6850
2020,25,95073.0,AUSTIN,199.25420338818205,762,5684,1575,4784,44355,3080,6524,9867,13259,73820
2020,26,16489.0,WEST GARFIELD PARK,36.09284880796031,202,1793,1460,1542,8373,531,1120,1725,856,15487
2020,27,18075.0,EAST GARFIELD PARK,53.88322083574582,193,1526,759,1275,7887,477,1203,1949,1656,15956
2020,28,62816.0,NEAR WEST SIDE,158.49246652347665,333,4093,451,1653,30626,1886,5352,9720,33639,16297
2020,29,31310.0,NORTH LAWNDALE,89.48742200680012,419,2709,1478,2632,13992,1204,2794,4114,3161,26520
2020,30,70235.0,SOUTH LAWNDALE,127.99829784190968,247,1518,496,1331,40542,2783,7046,11379,33737,10274
2020,31,32672.0,LOWER WEST SIDE,81.55072362189355,113,1110,198,628,16519,713,1960,4121,19423,1467
2020,32,39327.0,LOOP,46.3355654497116,157,3437,475,1052,19741,915,2593,7007,26962,3142
2020,33,26376.0,NEAR SOUTH SIDE,49.769639444136615,85,1018,136,388,11672,90,365,1862,14898,6339
2020,34,13401.0,ARMOUR SQUARE,27.766196090094883,31,510,65,243,6154,313,704,1033,2434,1269
2020,35,21450.0,DOUGLAS,46.004621149279,151,1112,204,725,9853,954,2322,3756,3231,14724
2020,36,6973.0,OAKLAND,16.913961037490527,56,308,48,212,3031,275,482,609,584,6121
2020,37,2149.0,FULLER PARK,19.916704865338488,36,320,98,231,1048,31,144,164,194,1945
2020,38,23669.0,GRAND BOULEVARD,48.49250314605212,221,1473,274,998,9650,766,1219,2108,1688,21843
2020,39,17972.0,KENWOOD,29.071741922715727,111,670,45,397,8192,346,908,1856,4507,12531
2020,40,10427.0,WASHINGTON PARK,42.37388147613499,143,879,165,788,4638,495,750,1015,656,9887
2020,41,27722.0,HYDE PARK,45.10538016450888,106,973,63,335,12710,1094,3355,5218,15913,7559
2020,42,23251.0,WOODLAWN,57.81517950095547,206,1362,294,1097,10362,942,1913,2892,2834,19824
2020,43,51992.0,SOUTH SHORE,81.81271638009841,503,3704,668,2970,23031,1190,2535,4683,2462,49220
2020,44,31363.0,CHATHAM,82.32067029535114,307,2676,584,1902,13601,713,1505,2708,643,30814
2020,45,9629.0,AVALON PARK,34.852737729948345,89,605,159,360,4211,482,644,872,267,9280
2020,46,29977.0,SOUTH CHICAGO,93.2721849914544,244,1562,333,1282,13610,874,2200,3325,5265,23035
2020,47,2180.0,BURNSIDE,16.995983270423185,30,174,39,107,1084,31,163,199,127,2006
2020,48,12343.0,CALUMET HEIGHTS,48.82624155505823,93,742,124,335,5213,349,546,1002,517,11714
2020,49,39623.0,ROSELAND,134.31370670490057,404,2864,683,2064,18868,1198,2686,4254,1116,38533
2020,50,7131.0,PULLMAN,59.00155559069487,92,440,89,305,2864,122,368,663,1246,5933
2020,51,15144.0,SOUTH DEERING,303.79705960132867,90,810,150,593,6577,672,999,1424,4478,9691
2020,52,22999.0,EAST SIDE,83.24172803329057,68,444,106,341,10816,738,1584,2220,17967,940
2020,53,26484.0,WEST PULLMAN,99.36519806341394,258,1862,426,1328,11806,852,1990,2978,1875,24417
2020,54,7414.0,RIVERDALE,98.38949739579031,91,421,112,453,2861,282,574,949,282,7086
2020,55,9175.0,HEGEWISCH,145.96574140897752,47,259,28,174,4527,410,834,1062,7668,666
2020,56,36049.0,GARFIELD RIDGE,117.89077840626808,100,935,131,399,18419,1153,2048,3042,27981,2007
2020,57,13533.0,ARCHER HEIGHTS,55.92250571042751,43,409,45,198,7398,822,1363,1934,9146,281
2020,58,42728.0,BRIGHTON PARK,75.89279029683405,152,843,170,639,21742,1456,3085,5306,21569,1032
2020,59,15246.0,MCKINLEY PARK,39.431799640295466,36,421,70,227,7601,533,1137,1876,6631,428
2020,60,32901.0,BRIDGEPORT,58.29151926539481,81,787,101,342,16522,651,1705,3890,15625,983
2020,61,39055.0,NEW CITY,134.6369632279751,218,1587,434,1356,19994,1603,3179,4661,17568,9371
2020,62,18523.0,WEST ELSDON,32.71109141959873,62,403,69,192,9162,770,1501,2401,11145,151
2020,63,35300.0,GAGE PARK,61.28489610145672,128,775,206,618,17261,1423,2985,4992,18499,2101
2020,64,24382.0,CLEARING,71.14519236904174,67,483,46,267,12501,852,1654,2527,19315,829
2020,65,32162.0,WEST LAWN,82.3153016672832,89,751,77,345,16738,1687,2734,3891,20136,999
2020,66,51243.0,CHICAGO LAWN,98.27946509626284,316,2339,536,1726,24298,2007,3863,5850,16973,21904
2020,67,26158.0,WEST ENGLEWOOD,87.94769193108257,326,2353,870,2146,11822,966,1755,2317,1733,23045
2020,68,22019.0,ENGLEWOOD,85.65232306609218,325,2032,832,2003,9890,882,1444,2152,978,20636
2020,69,29429.0,GREATER GRAND CROSSING,98.85316769023828,357,2686,746,2182,12695,1092,1881,3300,783,28748
2020,70,42902.0,ASHBURN,135.46033718240324,135,1027,151,596,20909,1505,2845,4149,14322,19995
2020,71,46698.0,AUBURN GRESHAM,105.06535358129682,417,2903,740,2225,21746,1387,2877,4298,889,44569
2020,72,19817.0,BEVERLY,88.7793639211539,67,572,51,169,9271,484,1071,1452,12479,7171
2020,73,26940.0,WASHINGTON HEIGHTS,79.63575286171745,191,1422,233,839,11775,814,1643,2523,989,26149
2020,74,18840.0,MOUNT GREENWOOD,75.58429000631087,50,315,38,118,9045,783,1349,1898,17551,807
2020,75,20526.0,MORGAN PARK,91.877340681314,111,957,109,518,9391,660,1301,1708,7522,13285
2020,76,13285.0,OHARE,371.8356076134321,85,599,280,230,7178,110,369,1151,9875,1016
2020,77,58693.0,EDGEWATER,48.449990830225794,132,1511,76,631,30192,1242,3224,6704,40505,8908
2021,1,55789.0,ROGERS PARK,51.25990244057384,203,1987,164,1038,27605,1370,3690,5938,31857,16788
2021,2,79897.0,WEST RIDGE,98.4290948429624,181,1887,118,834,39976,3024,4910,8206,45864,10821
2021,3,59119.0,UPTOWN,65.09564271609112,229,1796,126,1077,30506,870,3024,7510,38965,11650
2021,4,42338.0,LINCOLN SQUARE,71.35232822594875,88,1105,77,434,20554,812,1548,3499,33041,2200
2021,5,37094.0,NORTH CENTER,57.05416783863191,54,716,48,211,18381,700,1198,2615,32749,1407
2021,6,102611.0,LAKE VIEW,87.21479925558447,199,3344,188,1044,53712,832,6591,17323,88050,5575
2021,7,69641.0,LINCOLN PARK,88.31640045539218,104,2316,101,497,35159,2085,5851,11929,60092,3289
2021,8,98505.0,NEAR NORTH SIDE,76.67589595801923,350,5292,708,2056,47486,871,5059,14398,75559,7823
2021,9,11494.0,EDISON PARK,31.63631378020181,23,150,6,69,5486,251,406,774,10856,198
2021,10,39235.0,NORWOOD PARK,121.95910544621267,108,756,39,300,19261,1024,1810,2995,34685,544
2021,11,27172.0,JEFFERSON PARK,64.86816166921948,76,512,32,226,13228,716,1311,2236,20817,1175
2021,12,20311.0,FOREST GLEN,89.13089361873274,39,312,25,105,9960,438,714,1078,16739,172
2021,13,18847.0,NORTH PARK,70.28870642060181,43,446,37,179,8445,587,1200,1862,11983,740
2021,14,48647.0,ALBANY PARK,53.54223080864773,129,1058,107,576,24929,1900,3934,6053,30745,2884
2021,15,65563.0,PORTAGE PARK,110.19609711747748,192,1396,128,832,31963,1999,4059,5967,47472,1847
2021,16,54280.0,IRVING PARK,89.61138229311392,158,1335,121,628,26780,1193,2612,4612,39795,2729
2021,17,44277.0,DUNNING,103.5950011545707,160,864,60,457,21688,1309,2227,3316,34394,1972
2021,18,13776.0,MONTCLARE,27.57639362717424,49,267,42,161,6376,409,769,1237,8719,1154
2021,19,78610.0,BELMONT CRAGIN,109.09941466771691,312,1783,357,1207,38608,3212,6008,8676,46285,4046
2021,20,23201.0,HERMOSA,32.60205939915233,120,649,100,406,11891,968,1861,2478,13768,1334
2021,21,36820.0,AVONDALE,55.29059546222403,110,973,76,442,18084,929,2208,4195,26972,2292
2021,22,71408.0,LOGAN SQUARE,100.05756668057336,255,2284,182,905,35494,1239,3326,9353,57968,6471
2021,23,55785.0,HUMBOLDT PARK,100.48087648273764,370,2502,1322,1933,26531,2056,3869,6357,21456,20944
2021,24,86881.0,WEST TOWN,127.56290457232984,250,3928,271,1220,43988,792,2978,11445,70684,7780
2021,25,97313.0,AUSTIN,199.25420338818205,875,5271,1362,4252,44892,3201,6589,10052,13898,74947
2021,26,17289.0,WEST GARFIELD PARK,36.09284880796031,198,1502,1252,1401,8779,531,1155,1837,827,16195
2021,27,19908.0,EAST GARFIELD PARK,53.88322083574582,216,1501,690,1349,8967,582,1365,2203,1829,17635
2021,28,65019.0,NEAR WEST SIDE,158.49246652347665,377,4390,374,1822,32199,1940,5204,10102,34495,17103
2021,29,32106.0,NORTH LAWNDALE,89.48742200680012,442,2642,1294,2316,13961,1189,2580,3826,3267,26621
2021,30,70281.0,SOUTH LAWNDALE,127.99829784190968,206,1519,333,1284,40253,2643,6608,11030,34870,10085
2021,31,33588.0,LOWER WEST SIDE,81.55072362189355,119,1236,150,726,16804,867,2051,4072,19851,1465
2021,32,39834.0,LOOP,46.3355654497116,214,3680,396,1321,19899,808,2626,6832,26508,3677
2021,33,26816.0,NEAR SOUTH SIDE,49.769639444136615,122,1014,126,583,12352,78,441,2032,16046,6256
2021,34,13284.0,ARMOUR SQUARE,27.766196090094883,29,606,56,240,6134,252,578,852,2805,1146
2021,35,21278.0,DOUGLAS,46.004621149279,173,1179,160,774,9873,848,2196,3601,3319,14547
2021,36,7413.0,OAKLAND,16.913961037490527,52,308,30,202,3009,329,449,539,549,6647
2021,37,2213.0,FULLER PARK,19.916704865338488,38,265,51,208,1091,80,194,212,327,1868
2021,38,24401.0,GRAND BOULEVARD,48.49250314605212,233,1369,240,974,9998,724,1157,1993,1835,22431
2021,39,18492.0,KENWOOD,29.071741922715727,116,750,63,400,8523,409,1019,1891,4699,12947
2021,40,11607.0,WASHINGTON PARK,42.37388147613499,174,855,153,786,5411,675,951,1267,505,11110
2021,41,28801.0,HYDE PARK,45.10538016450888,95,1151,45,430,13132,1144,3294,5229,16283,8079
2021,42,23966.0,WOODLAWN,57.81517950095547,215,1338,273,1057,11043,927,2161,3206,3164,19878
2021,43,54209.0,SOUTH SHORE,81.81271638009841,553,3479,513,2937,24795,1172,2523,4870,2372,51316
2021,44,32486.0,CHATHAM,82.32067029535114,346,2685,420,1925,14500,821,1650,2902,584,32031
2021,45,9782.0,AVALON PARK,34.852737729948345,91,521,126,395,4126,504,584,765,271,9315
2021,46,30399.0,SOUTH CHICAGO,93.2721849914544,288,1688,267,1463,13735,894,2142,3187,5186,22584
2021,47,2652.0,BURNSIDE,16.995983270423185,21,158,24,127,1123,32,142,185,121,2535
2021,48,12843.0,CALUMET HEIGHTS,48.82624155505823,89,697,134,413,5352,161,379,729,356,12333
2021,49,39128.0,ROSELAND,134.31370670490057,416,2472,611,1923,18282,1047,2369,4019,1277,38010
2021,50,7147.0,PULLMAN,59.00155559069487,71,470,97,302,2823,163,434,722,1189,5720
2021,51,15198.0,SOUTH DEERING,303.79705960132867,116,703,99,549,6649,697,1032,1375,4617,9581
2021,52,24429.0,EAST SIDE,83.24172803329057,84,482,80,371,11842,853,1806,2443,16643,862
2021,53,26951.0,WEST PULLMAN,99.36519806341394,254,1687,404,1219,12476,940,1875,3158,1706,25048
2021,54,7934.0,RIVERDALE,98.38949739579031,81,473,95,476,2967,271,616,949,222,7712
2021,55,9243.0,HEGEWISCH,145.96574140897752,56,314,27,221,4579,371,706,975,6898,731
2021,56,36704.0,GARFIELD RIDGE,117.89077840626808,109,940,127,396,18642,1146,2105,2930,27995,1667
2021,57,13591.0,ARCHER HEIGHTS,55.92250571042751,41,383,41,215,7456,800,1254,1798,9656,255
2021,58,43197.0,BRIGHTON PARK,75.89279029683405,136,858,116,693,21604,1234,2803,5141,21908,975
2021,59,15558.0,MCKINLEY PARK,39.431799640295466,47,392,53,224,7623,542,1199,1867,6984,469
2021,60,34427.0,BRIDGEPORT,58.29151926539481,79,762,89,350,17477,748,1765,3630,16917,1162
2021,61,39573.0,NEW CITY,134.6369632279751,263,1503,366,1422,20508,1789,3175,4526,17559,9596
2021,62,18022.0,WEST ELSDON,32.71109141959873,48,427,47,184,9020,582,1172,2117,11199,152
2021,63,35621.0,GAGE PARK,61.28489610145672,130,835,143,597,17843,1496,2948,4817,20199,1999
2021,64,25507.0,CLEARING,71.14519236904174,104,502,42,290,13224,846,1694,2817,19379,645
2021,65,32398.0,WEST LAWN,82.3153016672832,89,736,48,399,16971,1751,2870,4043,20760,1018
2021,66,51169.0,CHICAGO LAWN,98.27946509626284,370,2137,433,1708,24913,1819,3840,5914,18321,21724
2021,67,26282.0,WEST ENGLEWOOD,87.94769193108257,354,2014,639,1985,12615,992,1711,2331,2096,22502
2021,68,21054.0,ENGLEWOOD,85.65232306609218,383,1861,595,1934,9917,819,1359,2062,1247,19596
2021,69,29309.0,GREATER GRAND CROSSING,98.85316769023828,358,2508,587,2212,12605,1143,2009,3189,999,28465
2021,70,44215.0,ASHBURN,135.46033718240324,186,996,99,540,21656,1787,3228,4410,14885,19805
2021,71,48039.0,AUBURN GRESHAM,105.06535358129682,410,2854,605,2213,22037,1205,2654,4280,1017,45740
2021,72,19919.0,BEVERLY,88.7793639211539,69,478,47,210,9403,462,1113,1484,12440,7093
2021,73,26676.0,WASHINGTON HEIGHTS,79.63575286171745,223,1276,241,837,11506,961,1683,2434,774,25994
2021,74,19477.0,MOUNT GREENWOOD,75.58429000631087,58,329,18,103,9619,779,1475,1985,18322,636
2021,75,21627.0,MORGAN PARK,91.877340681314,135,952,139,541,10184,789,1326,1945,7691,14103
2021,76,13418.0,OHARE,371.8356076134321,94,736,304,323,7095,164,467,1163,9929,1123
2021,77,58084.0,EDGEWATER,48.449990830225794,122,1539,84,731,29805,982,2840,5891,40780,8563
2022,1,55711.0,ROGERS PARK,51.25990244057384,251,2392,228,1192,26935,1450,3351,5427,32374,15943
2022,2,79265.0,WEST RIDGE,98.4290948429624,211,2601,176,991,40290,3266,5274,8164,44633,11529
2022,3,57464.0,UPTOWN,65.09564271609112,211,2452,168,1055,29772,643,2470,6859,37516,12246
2022,4,42271.0,LINCOLN SQUARE,71.35232822594875,122,1307,101,496,20311,837,1632,3370,33173,1950
2022,5,35814.0,NORTH CENTER,57.05416783863191,79,1012,56,235,17943,699,1253,2651,31471,1504
2022,6,101739.0,LAKE VIEW,87.21479925558447,221,4204,250,1203,52457,890,6598,17736,86704,5455
2022,7,69099.0,LINCOLN PARK,88.31640045539218,124,2782,143,505,34137,2128,5697,11661,60163,3044
2022,8,101208.0,NEAR NORTH SIDE,76.67589595801923,323,7168,804,2358,48842,788,5274,15089,76660,7651
2022,9,11402.0,EDISON PARK,31.63631378020181,27,174,16,86,5464,265,440,695,10657,230
2022,10,39326.0,NORWOOD PARK,121.95910544621267,104,810,51,313,19131,1210,1963,3086,33997,601
2022,11,27032.0,JEFFERSON PARK,64.86816166921948,89,682,56,260,13131,699,1346,2182,20561,1019
2022,12,19855.0,FOREST GLEN,89.13089361873274,28,452,36,102,9825,472,841,1244,16680,287
2022,13,19398.0,NORTH PARK,70.28870642060181,50,621,50,273,8657,521,1025,1681,11605,611
2022,14,47663.0,ALBANY PARK,53.54223080864773,164,1226,143,667,24273,1949,4086,5998,29348,2974
2022,15,64213.0,PORTAGE PARK,110.19609711747748,301,1681,181,871,31812,1978,4185,6053,45677,1804
2022,16,53584.0,IRVING PARK,89.61138229311392,213,1578,157,670,26794,1126,2392,4268,37907,3071
2022,17,42574.0,DUNNING,103.5950011545707,163,960,67,432,20750,1044,2184,3244,33219,2035
2022,18,13765.0,MONTCLARE,27.57639362717424,57,416,36,158,6714,428,835,1271,8395,1219
2022,19,73991.0,BELMONT CRAGIN,109.09941466771691,382,2145,326,1260,36735,3164,5820,8343,40790,4610
2022,20,23157.0,HERMOSA,32.60205939915233,99,728,108,393,11869,1002,1910,2562,12930,1414
2022,21,36374.0,AVONDALE,55.29059546222403,129,1253,95,522,17791,781,2293,4151,25325,2255
2022,22,71220.0,LOGAN SQUARE,100.05756668057336,261,2856,154,850,35220,1243,3428,9051,57026,6342
2022,23,55416.0,HUMBOLDT PARK,100.48087648273764,441,2868,975,1872,26083,2177,3964,6493,20841,20887
2022,24,86514.0,WEST TOWN,127.56290457232984,336,5284,340,1304,43767,793,3156,11759,70278,7794
2022,25,100120.0,AUSTIN,199.25420338818205,826,6124,1385,3962,47886,3871,7170,10563,15935,75370
2022,26,16374.0,WEST GARFIELD PARK,36.09284880796031,186,1612,1004,1226,8399,402,986,1571,636,15173
2022,27,19901.0,EAST GARFIELD PARK,53.88322083574582,234,1787,482,1303,8896,631,1391,2348,2112,17379
2022,28,65581.0,NEAR WEST SIDE,158.49246652347665,473,6423,550,2094,32247,1789,4744,9831,34528,17810
2022,29,30409.0,NORTH LAWNDALE,89.48742200680012,411,2933,1145,2288,13508,1186,2354,3508,3413,24498
2022,30,69708.0,SOUTH LAWNDALE,127.99829784190968,264,1785,413,1387,39528,2702,6526,10953,35316,9318
2022,31,34237.0,LOWER WEST SIDE,81.55072362189355,143,1707,209,809,17202,748,1963,4182,19320,1491
2022,32,41671.0,LOOP,46.3355654497116,252,5673,503,1640,20806,1032,2800,7171,27312,4167
2022,33,28216.0,NEAR SOUTH SIDE,49.769639444136615,136,1552,179,663,13761,257,662,2071,16656,7152
2022,34,13193.0,ARMOUR SQUARE,27.766196090094883,39,709,101,304,6058,281,727,1087,2843,1569
2022,35,21355.0,DOUGLAS,46.004621149279,195,1620,191,794,9885,781,2083,3425,3087,14742
2022,36,6977.0,OAKLAND,16.913961037490527,66,414,52,229,2713,293,432,509,504,6308
2022,37,2142.0,FULLER PARK,19.916704865338488,34,323,86,203,1017,87,167,225,220,1903
2022,38,24813.0,GRAND BOULEVARD,48.49250314605212,254,1938,280,970,10576,738,1179,2121,2043,22615
2022,39,18637.0,KENWOOD,29.071741922715727,115,1126,77,510,8678,484,1091,1938,4834,13031
2022,40,12366.0,WASHINGTON PARK,42.37388147613499,181,1125,178,768,5568,703,948,1250,473,11975
2022,41,29559.0,HYDE PARK,45.10538016450888,121,1525,48,444,13552,1077,3534,5471,16103,8850
2022,42,24645.0,WOODLAWN,57.81517950095547,200,1727,278,1048,11468,889,2216,3254,3442,19839
2022,43,54974.0,SOUTH SHORE,81.81271638009841,484,4448,603,2805,24074,983,2215,4215,2511,51831
2022,44,31341.0,CHATHAM,82.32067029535114,340,3420,394,1938,13718,764,1739,3322,1021,30440
2022,45,9647.0,AVALON PARK,34.852737729948345,89,671,85,335,4092,543,580,745,240,9239
2022,46,30315.0,SOUTH CHICAGO,93.2721849914544,326,2196,334,1554,13977,780,1761,2914,3832,23280
2022,47,2246.0,BURNSIDE,16.995983270423185,23,196,28,103,911,45,115,115,85,2162
2022,48,12087.0,CALUMET HEIGHTS,48.82624155505823,95,825,96,322,4789,208,399,703,338,11564
2022,49,37610.0,ROSELAND,134.31370670490057,399,3095,576,1889,17426,1049,2219,3826,1299,36533
2022,50,6856.0,PULLMAN,59.00155559069487,84,523,74,279,2665,80,277,606,1310,5412
2022,51,15218.0,SOUTH DEERING,303.79705960132867,109,968,159,545,6593,475,801,1544,3638,9778
2022,52,23942.0,EAST SIDE,83.24172803329057,106,573,84,402,11833,890,1931,2479,14738,708
2022,53,25449.0,WEST PULLMAN,99.36519806341394,257,1769,354,1026,11752,955,1893,2936,1832,23264
2022,54,7817.0,RIVERDALE,98.38949739579031,98,588,103,485,2822,214,503,825,231,7551
2022,55,9025.0,HEGEWISCH,145.96574140897752,61,327,22,208,4698,407,695,950,5657,1313
2022,56,36401.0,GARFIELD RIDGE,117.89077840626808,114,1199,189,454,18606,1268,2218,3228,27739,1475
2022,57,13867.0,ARCHER HEIGHTS,55.92250571042751,54,632,64,257,7451,742,1259,1798,9336,162
2022,58,42243.0,BRIGHTON PARK,75.89279029683405,147,1065,119,786,21652,998,2679,4995,21625,1239
2022,59,15479.0,MCKINLEY PARK,39.431799640295466,39,495,74,264,7701,506,1011,1733,6828,587
2022,60,33221.0,BRIDGEPORT,58.29151926539481,79,1008,99,377,17154,718,1687,3516,15805,1311
2022,61,41048.0,NEW CITY,134.6369632279751,229,1784,420,1379,20723,2117,3560,4706,17554,8937
2022,62,18366.0,WEST ELSDON,32.71109141959873,61,508,67,240,9165,557,1141,1978,11637,147
2022,63,34788.0,GAGE PARK,61.28489610145672,135,1049,130,656,17222,1391,2818,4380,19144,1810
2022,64,24728.0,CLEARING,71.14519236904174,97,607,40,264,12887,745,1589,2616,18114,536
2022,65,32594.0,WEST LAWN,82.3153016672832,94,1020,92,409,16225,1657,2995,4016,19810,1053
2022,66,52464.0,CHICAGO LAWN,98.27946509626284,346,2459,417,1622,25574,1867,4142,6167,18310,21058
2022,67,25772.0,WEST ENGLEWOOD,87.94769193108257,300,2252,537,1685,12435,1047,1955,2680,2115,20860
2022,68,21378.0,ENGLEWOOD,85.65232306609218,321,2125,456,1842,10159,886,1447,2264,1098,19752
2022,69,28991.0,GREATER GRAND CROSSING,98.85316769023828,367,3038,532,2037,12920,920,1713,2619,584,27796
2022,70,42745.0,ASHBURN,135.46033718240324,146,1155,90,611,20818,1727,3123,4583,14841,18926
2022,71,46468.0,AUBURN GRESHAM,105.06535358129682,455,3217,496,2151,20710,1150,2647,4353,1183,43916
2022,72,19781.0,BEVERLY,88.7793639211539,71,597,47,186,9454,469,1243,1662,12318,7215
2022,73,26456.0,WASHINGTON HEIGHTS,79.63575286171745,207,1709,198,831,11372,868,1746,2499,708,25712
2022,74,19121.0,MOUNT GREENWOOD,75.58429000631087,46,301,50,143,9556,762,1401,1784,18203,452
2022,75,20718.0,MORGAN PARK,91.877340681314,116,1024,137,507,9649,695,1136,1556,7423,13430
2022,76,13771.0,OHARE,371.8356076134321,92,954,454,343,7331,213,607,1363,9870,1326
2022,77,56099.0,EDGEWATER,48.449990830225794,137,1847,97,821,28608,1075,3086,6082,38705,8560
2023,1,54388.0,ROGERS PARK,51.25990244057384,302,2831,249,1269,26171,1390,3199,5249,31989,14450
2023,2,78227.0,WEST RIDGE,98.4290948429624,267,2523,174,1066,39244,3021,4978,7591,43090,11600
2023,3,57331.0,UPTOWN,65.09564271609112,206,2846,247,1314,29977,681,2335,6695,35982,12981
2023,4,41673.0,LINCOLN SQUARE,71.35232822594875,100,1435,108,575,19616,1040,1745,3518,32398,2222
2023,5,35408.0,NORTH CENTER,57.05416783863191,75,1100,56,267,17944,785,1405,2803,30865,1452
2023,6,101163.0,LAKE VIEW,87.21479925558447,225,4853,261,1229,51316,937,5918,16477,85581,6197
2023,7,67831.0,LINCOLN PARK,88.31640045539218,103,3085,154,597,32609,2110,5143,10971,58420,2929
2023,8,104712.0,NEAR NORTH SIDE,76.67589595801923,401,7410,919,2468,48458,885,4867,14799,77981,10501
2023,9,11203.0,EDISON PARK,31.63631378020181,44,171,13,66,5517,306,466,721,10263,202
2023,10,38566.0,NORWOOD PARK,121.95910544621267,134,759,56,334,18787,1123,2042,2711,33080,625
2023,11,26643.0,JEFFERSON PARK,64.86816166921948,79,729,51,287,13245,568,1322,2047,20311,991
2023,12,19517.0,FOREST GLEN,89.13089361873274,46,369,31,93,9526,365,744,1078,16346,303
2023,13,18742.0,NORTH PARK,70.28870642060181,60,563,41,269,8493,447,865,1423,10633,1076
2023,14,46620.0,ALBANY PARK,53.54223080864773,155,1545,121,754,23474,1851,3988,5799,28416,2526
2023,15,61793.0,PORTAGE PARK,110.19609711747748,334,2135,188,887,30343,1795,3858,5884,43961,1941
2023,16,53832.0,IRVING PARK,89.61138229311392,187,1752,150,744,26532,1417,2703,4448,36560,3568
2023,17,41816.0,DUNNING,103.5950011545707,171,1081,79,446,20161,931,1945,2907,32136,1978
2023,18,14084.0,MONTCLARE,27.57639362717424,56,456,32,170,6519,549,932,1158,8666,1324
2023,19,72918.0,BELMONT CRAGIN,109.09941466771691,530,2721,311,1418,36710,2986,5672,8230,36946,4495
2023,20,22776.0,HERMOSA,32.60205939915233,112,944,116,450,11737,922,1754,2350,12037,1350
2023,21,35489.0,AVONDALE,55.29059546222403,111,1490,106,517,17239,968,2097,3794,24322,2788
2023,22,70872.0,LOGAN SQUARE,100.05756668057336,237,3841,164,1014,34768,1261,3309,8743,55461,6001
2023,23,55598.0,HUMBOLDT PARK,100.48087648273764,440,3300,1259,1996,25461,2051,3507,5642,20079,19985
2023,24,86596.0,WEST TOWN,127.56290457232984,305,5924,325,1470,43143,778,2796,11032,70024,7234
2023,25,98882.0,AUSTIN,199.25420338818205,842,6266,1413,4180,46653,3808,7018,9987,16234,72672
2023,26,15619.0,WEST GARFIELD PARK,36.09284880796031,205,1633,844,1329,7483,467,981,1429,449,14494
2023,27,20526.0,EAST GARFIELD PARK,53.88322083574582,229,2050,494,1463,9561,596,1330,2450,2303,17604
2023,28,66084.0,NEAR WEST SIDE,158.49246652347665,525,6888,573,2436,33709,1684,4613,10521,34438,18021
2023,29,31244.0,NORTH LAWNDALE,89.48742200680012,430,3108,1084,2528,13796,1208,2486,3839,3359,24509
2023,30,68798.0,SOUTH LAWNDALE,127.99829784190968,262,2207,471,1510,38553,2682,6176,10331,32275,9374
2023,31,33279.0,LOWER WEST SIDE,81.55072362189355,163,1891,201,824,16408,800,1979,3812,19350,1759
2023,32,42181.0,LOOP,46.3355654497116,327,6040,630,1811,20346,1134,3205,7131,26217,4656
2023,33,29174.0,NEAR SOUTH SIDE,49.769639444136615,141,1723,181,677,14725,208,1006,2835,17160,6545
2023,34,14207.0,ARMOUR SQUARE,27.766196090094883,29,783,63,273,6614,353,784,1141,3064,1746
2023,35,21756.0,DOUGLAS,46.004621149279,180,1942,202,858,9983,716,2082,3306,3054,15183
2023,36,6946.0,OAKLAND,16.913961037490527,81,591,40,270,2818,256,385,561,766,6050
2023,37,2142.0,FULLER PARK,19.916704865338488,29,355,92,250,1014,87,157,244,329,1806
2023,38,26345.0,GRAND BOULEVARD,48.49250314605212,239,2178,256,1175,11193,903,1266,2115,2567,23108
2023,39,18138.0,KENWOOD,29.071741922715727,149,1345,77,497,8378,398,906,1751,4619,12921
2023,40,13111.0,WASHINGTON PARK,42.37388147613499,138,1343,208,900,5640,653,925,1267,346,12695
2023,41,29591.0,HYDE PARK,45.10538016450888,124,1831,61,448,13233,1099,3420,5272,15115,9601
2023,42,24628.0,WOODLAWN,57.81517950095547,186,2099,334,1115,11313,810,1895,2878,3302,20085
2023,43,53673.0,SOUTH SHORE,81.81271638009841,551,4804,546,2890,24225,995,2022,4018,2701,50427
2023,44,30749.0,CHATHAM,82.32067029535114,419,3521,508,1939,13644,756,1719,3314,1098,29511
2023,45,9481.0,AVALON PARK,34.852737729948345,80,685,73,361,3930,485,499,626,261,9096
2023,46,29381.0,SOUTH CHICAGO,93.2721849914544,280,2300,309,1500,13798,935,1716,2616,4113,21110
2023,47,2148.0,BURNSIDE,16.995983270423185,29,177,38,97,819,57,57,57,38,2108
2023,48,11645.0,CALUMET HEIGHTS,48.82624155505823,87,971,95,391,4744,238,390,668,371,10923
2023,49,36700.0,ROSELAND,134.31370670490057,420,3158,578,1960,16461,1021,2077,3508,1841,34993
2023,50,6741.0,PULLMAN,59.00155559069487,84,559,76,379,2583,145,318,575,1359,5233
2023,51,14210.0,SOUTH DEERING,303.79705960132867,154,1184,165,567,6331,357,695,1290,3181,8589
2023,52,22793.0,EAST SIDE,83.24172803329057,158,718,120,481,11055,866,1877,2391,12086,1124
2023,53,24470.0,WEST PULLMAN,99.36519806341394,234,1845,386,1146,11287,784,1658,2644,1807,22292
2023,54,7536.0,RIVERDALE,98.38949739579031,77,587,79,544,2806,167,419,787,124,7380
2023,55,8971.0,HEGEWISCH,145.96574140897752,83,410,49,231,4676,395,612,874,5611,1484
2023,56,36426.0,GARFIELD RIDGE,117.89077840626808,132,1416,240,500,18224,1234,2145,3037,26244,1604
2023,57,14021.0,ARCHER HEIGHTS,55.92250571042751,59,613,94,262,7559,727,1212,1732,8199,326
2023,58,42062.0,BRIGHTON PARK,75.89279029683405,145,1242,142,784,21866,1239,2904,4822,19654,1563
2023,59,15443.0,MCKINLEY PARK,39.431799640295466,43,607,54,266,7835,643,1002,1633,5981,705
2023,60,33123.0,BRIDGEPORT,58.29151926539481,100,1010,85,434,17357,787,2153,4010,15449,1368
2023,61,41869.0,NEW CITY,134.6369632279751,311,2183,444,1509,21589,2262,3660,4903,17714,8839
2023,62,18568.0,WEST ELSDON,32.71109141959873,57,668,70,275,9822,683,1358,2167,11169,183
2023,63,35691.0,GAGE PARK,61.28489610145672,160,1249,200,773,17789,1496,2998,4508,17353,2714
2023,64,24924.0,CLEARING,71.14519236904174,127,762,63,296,13069,923,1737,2699,17457,482
2023,65,32649.0,WEST LAWN,82.3153016672832,110,1199,120,431,16534,1435,2850,3992,18190,816
2023,66,53460.0,CHICAGO LAWN,98.27946509626284,352,2716,441,1775,25947,1958,4678,6407,19137,19560
2023,67,26729.0,WEST ENGLEWOOD,87.94769193108257,334,2213,637,1624,12423,1059,2003,2763,1991,20923
2023,68,21411.0,ENGLEWOOD,85.65232306609218,332,2365,539,1877,10255,958,1485,2326,1158,19345
2023,69,29563.0,GREATER GRAND CROSSING,98.85316769023828,424,3443,609,2288,12889,983,1638,2760,749,27687
2023,70,42079.0,ASHBURN,135.46033718240324,160,1466,152,662,20269,1610,2803,4315,13791,18754
2023,71,45049.0,AUBURN GRESHAM,105.06535358129682,520,3548,575,2249,20580,1178,2556,4092,1091,42797
2023,72,19570.0,BEVERLY,88.7793639211539,96,650,49,222,9200,584,1231,1668,12549,6956
2023,73,25312.0,WASHINGTON HEIGHTS,79.63575286171745,192,1936,211,910,10975,828,1588,2408,796,24556
2023,74,18553.0,MOUNT GREENWOOD,75.58429000631087,50,310,37,150,9172,669,1284,1622,17568,661
2023,75,21318.0,MORGAN PARK,91.877340681314,139,1110,144,577,9731,564,1141,1607,7548,13936
2023,76,13773.0,OHARE,371.8356076134321,94,1030,396,353,7152,182,481,1128,9711,1378
2023,77,56146.0,EDGEWATER,48.449990830225794,191,2201,139,818,28730,1180,2952,5814,38879,8498
2024,1,54173.0,ROGERS PARK,51.25990244057384,272,2593,239,1250,26303,1265,3358,5561,31053,13242
2024,2,78373.0,WEST RIDGE,98.4290948429624,249,2341,139,1049,40216,3477,5611,8189,43285,12777
2024,3,56344.0,UPTOWN,65.09564271609112,216,2751,213,1323,29416,567,2411,6810,35397,12056
2024,4,41651.0,LINCOLN SQUARE,71.35232822594875,106,1318,119,491,19208,988,1751,3396,32711,2505
2024,5,36014.0,NORTH CENTER,57.05416783863191,76,1019,47,242,18524,855,1377,2893,31419,1643
2024,6,102827.0,LAKE VIEW,87.21479925558447,256,4957,282,1337,51752,900,6024,16891,86305,6340
2024,7,67987.0,LINCOLN PARK,88.31640045539218,113,3472,141,590,32570,1953,5276,11360,58298,2728
2024,8,107331.0,NEAR NORTH SIDE,76.67589595801923,451,7557,957,2470,49652,789,4984,15237,78902,10146
2024,9,11558.0,EDISON PARK,31.63631378020181,28,201,9,45,5761,346,481,691,10446,287
2024,10,39530.0,NORWOOD PARK,121.95910544621267,100,822,54,293,19016,1029,1894,2652,33719,574
2024,11,26649.0,JEFFERSON PARK,64.86816166921948,81,624,61,284,13354,515,1189,1916,19252,1053
2024,12,19901.0,FOREST GLEN,89.13089361873274,38,386,31,90,9955,457,790,1109,15826,372
2024,13,18356.0,NORTH PARK,70.28870642060181,53,619,53,323,8565,500,1015,1516,10754,1175
2024,14,45538.0,ALBANY PARK,53.54223080864773,186,1404,128,758,22717,1523,3747,5553,27301,2678
2024,15,63031.0,PORTAGE PARK,110.19609711747748,275,1956,189,795,31002,1660,3378,5441,43794,3407
2024,16,53332.0,IRVING PARK,89.61138229311392,223,1619,152,731,26186,1162,2224,3936,36472,3620
2024,17,41233.0,DUNNING,103.5950011545707,146,1008,77,483,19810,870,1767,2721,30804,2004
2024,18,14280.0,MONTCLARE,27.57639362717424,47,427,28,173,6660,563,980,1237,8112,1195
2024,19,72088.0,BELMONT CRAGIN,109.09941466771691,470,2510,266,1479,36396,2921,5206,7789,33702,4403
2024,20,22576.0,HERMOSA,32.60205939915233,125,730,101,510,11647,829,1633,2439,11157,1307
2024,21,35533.0,AVONDALE,55.29059546222403,135,1611,111,560,16781,915,1845,3356,23391,2907
2024,22,71160.0,LOGAN SQUARE,100.05756668057336,276,3916,180,1087,34868,1091,3148,8507,54542,6315
2024,23,56153.0,HUMBOLDT PARK,100.48087648273764,484,2923,1530,2113,26517,2603,4473,6561,18883,19051
2024,24,88197.0,WEST TOWN,127.56290457232984,288,5873,348,1500,42779,666,2514,9853,68806,8532
2024,25,97452.0,AUSTIN,199.25420338818205,848,6023,1541,4544,46126,3748,6827,9797,16187,69832
2024,26,15096.0,WEST GARFIELD PARK,36.09284880796031,231,1391,862,1293,6846,429,943,1329,359,13604
2024,27,20731.0,EAST GARFIELD PARK,53.88322083574582,279,1641,476,1475,9466,606,1338,2350,2671,16994
2024,28,68165.0,NEAR WEST SIDE,158.49246652347665,517,7051,731,2679,33870,1737,4173,10557,35318,18372
2024,29,33958.0,NORTH LAWNDALE,89.48742200680012,431,2673,949,2555,14727,1501,2878,4192,3278,27485
2024,30,69884.0,SOUTH LAWNDALE,127.99829784190968,301,1942,382,1647,38484,2818,6579,10731,30961,9011
2024,31,33446.0,LOWER WEST SIDE,81.55072362189355,204,1776,214,982,16836,807,1982,3958,18012,1603
2024,32,42550.0,LOOP,46.3355654497116,338,6288,911,1790,21034,1183,3841,7824,25152,5473
2024,33,30482.0,NEAR SOUTH SIDE,49.769639444136615,165,1594,260,722,15955,321,1396,4114,16021,8543
2024,34,13848.0,ARMOUR SQUARE,27.766196090094883,47,684,72,301,6330,297,726,1262,2627,1644
2024,35,21088.0,DOUGLAS,46.004621149279,157,1596,250,898,10302,633,2196,3624,3163,14795
2024,36,6937.0,OAKLAND,16.913961037490527,71,509,47,255,2929,283,415,512,784,6022
2024,37,2270.0,FULLER PARK,19.916704865338488,38,334,82,250,1160,68,141,274,289,1904
2024,38,25181.0,GRAND BOULEVARD,48.49250314605212,240,2178,272,1132,10803,744,1127,1948,2407,22378
2024,39,18417.0,KENWOOD,29.071741922715727,137,1301,77,581,8517,514,1047,1770,4998,12933
2024,40,12313.0,WASHINGTON PARK,42.37388147613499,178,1157,207,915,5303,556,958,1294,489,11656
2024,41,30599.0,HYDE PARK,45.10538016450888,127,1698,72,529,14332,1274,3808,5870,15842,9204
2024,42,24355.0,WOODLAWN,57.81517950095547,265,1879,351,1305,11218,975,2211,2986,3881,19348
2024,43,53034.0,SOUTH SHORE,81.81271638009841,579,4261,571,3111,23988,1231,2229,4165,3164,49576
2024,44,29895.0,CHATHAM,82.32067029535114,464,3016,411,1974,13244,847,1935,3206,960,28422
2024,45,9071.0,AVALON PARK,34.852737729948345,75,620,79,354,4053,510,620,788,293,8291
2024,46,27551.0,SOUTH CHICAGO,93.2721849914544,299,1913,283,1424,13185,875,1579,2364,3224,19560
2024,47,2304.0,BURNSIDE,16.995983270423185,33,139,29,97,871,66,66,66,42,2264
2024,48,11229.0,CALUMET HEIGHTS,48.82624155505823,103,778,84,383,4758,365,540,766,373,10614
2024,49,36635.0,ROSELAND,134.31370670490057,482,2795,498,1865,16415,995,2121,3434,1665,34864
2024,50,6744.0,PULLMAN,59.00155559069487,77,600,91,357,2916,177,517,751,954,5277
2024,51,12854.0,SOUTH DEERING,303.79705960132867,123,1079,125,566,5882,411,742,1262,2098,8166
2024,52,22687.0,EAST SIDE,83.24172803329057,121,690,80,410,11356,794,1854,2486,10320,1064
2024,53,24549.0,WEST PULLMAN,99.36519806341394,328,1873,343,1161,11547,716,1632,2521,1303,22366
2024,54,7518.0,RIVERDALE,98.38949739579031,75,506,65,539,2773,283,492,802,144,7364
2024,55,8853.0,HEGEWISCH,145.96574140897752,93,459,43,211,4517,368,477,764,5956,1522
2024,56,36732.0,GARFIELD RIDGE,117.89077840626808,158,1445,295,512,18329,1347,2198,3165,25496,1949
2024,57,13414.0,ARCHER HEIGHTS,55.92250571042751,71,709,65,274,7119,792,1231,1812,6221,319
2024,58,42994.0,BRIGHTON PARK,75.89279029683405,156,1117,148,821,22670,1400,3163,5030,18154,1504
2024,59,14854.0,MCKINLEY PARK,39.431799640295466,56,659,52,258,7478,607,958,1516,5914,794
2024,60,33675.0,BRIDGEPORT,58.29151926539481,102,975,107,464,17256,904,2202,3889,16759,1705
2024,61,40140.0,NEW CITY,134.6369632279751,312,1927,397,1471,20688,2210,3452,4697,15155,9211
2024,62,17901.0,WEST ELSDON,32.71109141959873,114,569,69,305,9210,687,1396,1847,10231,262
2024,63,36081.0,GAGE PARK,61.28489610145672,241,1220,196,851,18290,1447,3014,4296,15021,2878
2024,64,23629.0,CLEARING,71.14519236904174,113,604,46,335,11992,711,1438,2372,15591,372
2024,65,31942.0,WEST LAWN,82.3153016672832,161,1239,91,506,16041,1170,2664,4024,16546,906
2024,66,54409.0,CHICAGO LAWN,98.27946509626284,509,2374,539,1892,25982,1875,4587,6275,19056,19494
2024,67,28144.0,WEST ENGLEWOOD,87.94769193108257,431,2000,573,1642,13699,1025,1766,2735,2596,19965
2024,68,23195.0,ENGLEWOOD,85.65232306609218,376,2268,608,1980,10902,909,1634,2481,1261,20508
2024,69,29143.0,GREATER GRAND CROSSING,98.85316769023828,521,3016,672,2306,12983,932,1504,2350,1172,26432
2024,70,42007.0,ASHBURN,135.46033718240324,201,1430,110,684,21082,1777,3136,4529,11579,18452
2024,71,43779.0,AUBURN GRESHAM,105.06535358129682,614,3188,521,2327,19502,1306,2619,3990,1147,41587
2024,72,19521.0,BEVERLY,88.7793639211539,110,569,35,201,9291,625,1284,1724,12555,6828
2024,73,24851.0,WASHINGTON HEIGHTS,79.63575286171745,260,1696,250,863,10591,702,1286,2173,1400,23436
2024,74,19059.0,MOUNT GREENWOOD,75.58429000631087,57,309,27,156,9243,512,1119,1376,17870,785
2024,75,20865.0,MORGAN PARK,91.877340681314,199,1036,158,619,9479,450,1082,1429,6971,13449
2024,76,14145.0,OHARE,371.8356076134321,89,1014,196,397,7500,449,763,1376,10280,1208
2024,77,56563.0,EDGEWATER,48.449990830225794,185,2292,180,917,28516,1209,3117,5755,37734,8620
