year,community_area,comm_pop,community,commarea_km2
2010,1,55006.0,ROGERS PARK,51.25990244057384
2010,2,72069.0,WEST RIDGE,98.4290948429624
2010,3,56340.0,UPTOWN,65.09564271609112
2010,4,38417.0,LINCOLN SQUARE,71.35232822594875
2010,5,33394.0,NORTH CENTER,57.05416783863191
2010,6,97190.0,LAKE VIEW,87.21479925558447
2010,7,64435.0,LINCOLN PARK,88.31640045539218
2010,8,76219.0,NEAR NORTH SIDE,76.67589595801923
2010,9,11127.0,EDISON PARK,31.63631378020181
2010,10,37561.0,NORWOOD PARK,121.95910544621267
2010,11,26710.0,JEFFERSON PARK,64.86816166921948
2010,12,18833.0,FOREST GLEN,89.13089361873274
2010,13,18888.0,NORTH PARK,70.28870642060181
2010,14,51676.0,ALBANY PARK,53.54223080864773
2010,15,63644.0,PORTAGE PARK,110.19609711747748
2010,16,54853.0,IRVING PARK,89.61138229311392
2010,17,42644.0,DUNNING,103.5950011545707
2010,18,13071.0,MONTCLARE,27.576393627174237
2010,19,80206.0,BELMONT CRAGIN,109.09941466771691
2010,20,24583.0,HERMOSA,32.60205939915233
2010,21,39989.0,AVONDALE,55.29059546222403
2010,22,74331.0,LOGAN SQUARE,100.05756668057336
2010,23,54400.0,HUMBOLDT PARK,100.48087648273764
2010,24,83702.0,WEST TOWN,127.56290457232984
2010,25,99586.0,AUSTIN,199.25420338818205
2010,26,19325.0,WEST GARFIELD PARK,36.09284880796031
2010,27,19883.0,EAST GARFIELD PARK,53.88322083574582
2010,28,49788.0,NEAR WEST SIDE,158.49246652347665
2010,29,35138.0,NORTH LAWNDALE,89.48742200680012
2010,30,72902.0,SOUTH LAWNDALE,127.99829784190968
2010,31,35508.0,LOWER WEST SIDE,81.55072362189355
2010,32,19993.0,LOOP,46.3355654497116
2010,33,17878.0,NEAR SOUTH SIDE,49.769639444136615
2010,34,13595.0,ARMOUR SQUARE,27.766196090094883
2010,35,19524.0,DOUGLAS,46.004621149279
2010,36,5835.0,OAKLAND,16.913961037490527
2010,37,3060.0,FULLER PARK,19.916704865338488
2010,38,21881.0,GRAND BOULEVARD,48.49250314605212
2010,39,18036.0,KENWOOD,29.071741922715727
2010,40,10478.0,WASHINGTON PARK,42.37388147613499
2010,41,25878.0,HYDE PARK,45.10538016450888
2010,42,21907.0,WOODLAWN,57.81517950095547
2010,43,50770.0,SOUTH SHORE,81.81271638009841
2010,44,35023.0,CHATHAM,82.32067029535114
2010,45,9948.0,AVALON PARK,34.852737729948345
2010,46,32436.0,SOUTH CHICAGO,93.2721849914544
2010,47,3432.0,BURNSIDE,16.995983270423185
2010,48,14954.0,CALUMET HEIGHTS,48.82624155505823
2010,49,47646.0,ROSELAND,134.31370670490057
2010,50,7723.0,PULLMAN,59.00155559069487
2010,51,16258.0,SOUTH DEERING,303.79705960132867
2010,52,25216.0,EAST SIDE,83.24172803329057
2010,53,32588.0,WEST PULLMAN,99.36519806341394
2010,54,5888.0,RIVERDALE,98.38949739579031
2010,55,10756.0,HEGEWISCH,145.96574140897752
2010,56,35450.0,GARFIELD RIDGE,117.89077840626808
2010,57,12959.0,ARCHER HEIGHTS,55.92250571042751
2010,58,44160.0,BRIGHTON PARK,75.89279029683405
2010,59,15626.0,MCKINLEY PARK,39.431799640295466
2010,60,31595.0,BRIDGEPORT,58.29151926539481
2010,61,43582.0,NEW CITY,134.6369632279751
2010,62,17907.0,WEST ELSDON,32.71109141959873
2010,63,38850.0,GAGE PARK,61.28489610145672
2010,64,24065.0,CLEARING,71.14519236904174
2010,65,32698.0,WEST LAWN,82.3153016672832
2010,66,54123.0,CHICAGO LAWN,98.27946509626284
2010,67,38708.0,WEST ENGLEWOOD,87.94769193108257
2010,68,33032.0,ENGLEWOOD,85.65232306609218
2010,69,34839.0,GREATER GRAND CROSSING,98.85316769023828
2010,70,42382.0,ASHBURN,135.46033718240324
2010,71,53001.0,AUBURN GRESHAM,105.06535358129682
2010,72,21556.0,BEVERLY,88.7793639211539
2010,73,27643.0,WASHINGTON HEIGHTS,79.63575286171745
2010,74,18497.0,MOUNT GREENWOOD,75.58429000631087
2010,75,21714.0,MORGAN PARK,91.877340681314
2010,76,11848.0,OHARE,371.8356076134321
2010,77,56605.0,EDGEWATER,48.449990830225794
2011,1,56652.0,ROGERS PARK,51.25990244057384
2011,2,73872.0,WEST RIDGE,98.4290948429624
2011,3,54995.0,UPTOWN,65.09564271609112
2011,4,38548.0,LINCOLN SQUARE,71.35232822594875
2011,5,33523.0,NORTH CENTER,57.05416783863191
2011,6,96864.0,LAKE VIEW,87.21479925558447
2011,7,64049.0,LINCOLN PARK,88.31640045539218
2011,8,78459.0,NEAR NORTH SIDE,76.67589595801923
2011,9,11235.0,EDISON PARK,31.63631378020181
2011,10,37276.0,NORWOOD PARK,121.95910544621267
2011,11,26099.0,JEFFERSON PARK,64.86816166921948
2011,12,18824.0,FOREST GLEN,89.13089361873274
2011,13,17954.0,NORTH PARK,70.28870642060181
2011,14,53718.0,ALBANY PARK,53.54223080864773
2011,15,63778.0,PORTAGE PARK,110.19609711747748
2011,16,54460.0,IRVING PARK,89.61138229311392
2011,17,41486.0,DUNNING,103.5950011545707
2011,18,13285.0,MONTCLARE,27.576393627174237
2011,19,79343.0,BELMONT CRAGIN,109.09941466771691
2011,20,24711.0,HERMOSA,32.60205939915233
2011,21,40041.0,AVONDALE,55.29059546222403
2011,22,72667.0,LOGAN SQUARE,100.05756668057336
2011,23,53743.0,HUMBOLDT PARK,100.48087648273764
2011,24,83171.0,WEST TOWN,127.56290457232984
2011,25,98321.0,AUSTIN,199.25420338818205
2011,26,18964.0,WEST GARFIELD PARK,36.09284880796031
2011,27,20714.0,EAST GARFIELD PARK,53.88322083574582
2011,28,51892.0,NEAR WEST SIDE,158.49246652347665
2011,29,35842.0,NORTH LAWNDALE,89.48742200680012
2011,30,72822.0,SOUTH LAWNDALE,127.99829784190968
2011,31,37107.0,LOWER WEST SIDE,81.55072362189355
2011,32,22655.0,LOOP,46.3355654497116
2011,33,18954.0,NEAR SOUTH SIDE,49.769639444136615
2011,34,14255.0,ARMOUR SQUARE,27.766196090094883
2011,35,18913.0,DOUGLAS,46.004621149279
2011,36,5807.0,OAKLAND,16.913961037490527
2011,37,2770.0,FULLER PARK,19.916704865338488
2011,38,22288.0,GRAND BOULEVARD,48.49250314605212
2011,39,18006.0,KENWOOD,29.071741922715727
2011,40,10759.0,WASHINGTON PARK,42.37388147613499
2011,41,26780.0,HYDE PARK,45.10538016450888
2011,42,23131.0,WOODLAWN,57.81517950095547
2011,43,50034.0,SOUTH SHORE,81.81271638009841
2011,44,34035.0,CHATHAM,82.32067029535114
2011,45,10032.0,AVALON PARK,34.852737729948345
2011,46,31156.0,SOUTH CHICAGO,93.2721849914544
2011,47,3374.0,BURNSIDE,16.995983270423185
2011,48,14860.0,CALUMET HEIGHTS,48.82624155505823
2011,49,47184.0,ROSELAND,134.31370670490057
2011,50,7422.0,PULLMAN,59.00155559069487
2011,51,16674.0,SOUTH DEERING,303.79705960132867
2011,52,25052.0,EAST SIDE,83.24172803329057
2011,53,32162.0,WEST PULLMAN,99.36519806341394
2011,54,6431.0,RIVERDALE,98.38949739579031
2011,55,10339.0,HEGEWISCH,145.96574140897752
2011,56,33923.0,GARFIELD RIDGE,117.89077840626808
2011,57,13028.0,ARCHER HEIGHTS,55.92250571042751
2011,58,44592.0,BRIGHTON PARK,75.89279029683405
2011,59,15961.0,MCKINLEY PARK,39.431799640295466
2011,60,32189.0,BRIDGEPORT,58.29151926539481
2011,61,42250.0,NEW CITY,134.6369632279751
2011,62,18238.0,WEST ELSDON,32.71109141959873
2011,63,38419.0,GAGE PARK,61.28489610145672
2011,64,23852.0,CLEARING,71.14519236904174
2011,65,32685.0,WEST LAWN,82.3153016672832
2011,66,54803.0,CHICAGO LAWN,98.27946509626284
2011,67,37737.0,WEST ENGLEWOOD,87.94769193108257
2011,68,29821.0,ENGLEWOOD,85.65232306609218
2011,69,33923.0,GREATER GRAND CROSSING,98.85316769023828
2011,70,42940.0,ASHBURN,135.46033718240324
2011,71,52539.0,AUBURN GRESHAM,105.06535358129682
2011,72,21314.0,BEVERLY,88.7793639211539
2011,73,26611.0,WASHINGTON HEIGHTS,79.63575286171745
2011,74,18352.0,MOUNT GREENWOOD,75.58429000631087
2011,75,21708.0,MORGAN PARK,91.877340681314
2011,76,12774.0,OHARE,371.8356076134321
2011,77,55277.0,EDGEWATER,48.449990830225794
2012,1,57559.0,ROGERS PARK,51.25990244057384
2012,2,73705.0,WEST RIDGE,98.4290948429624
2012,3,54995.0,UPTOWN,65.09564271609112
2012,4,38622.0,LINCOLN SQUARE,71.35232822594875
2012,5,33418.0,NORTH CENTER,57.05416783863191
2012,6,96539.0,LAKE VIEW,87.21479925558447
2012,7,64631.0,LINCOLN PARK,88.31640045539218
2012,8,80516.0,NEAR NORTH SIDE,76.67589595801923
2012,9,11183.0,EDISON PARK,31.63631378020181
2012,10,37181.0,NORWOOD PARK,121.95910544621267
2012,11,26771.0,JEFFERSON PARK,64.86816166921948
2012,12,18542.0,FOREST GLEN,89.13089361873274
2012,13,18739.0,NORTH PARK,70.28870642060181
2012,14,53897.0,ALBANY PARK,53.54223080864773
2012,15,63619.0,PORTAGE PARK,110.19609711747748
2012,16,56513.0,IRVING PARK,89.61138229311392
2012,17,42115.0,DUNNING,103.5950011545707
2012,18,12401.0,MONTCLARE,27.576393627174237
2012,19,77885.0,BELMONT CRAGIN,109.09941466771691
2012,20,25068.0,HERMOSA,32.60205939915233
2012,21,41542.0,AVONDALE,55.29059546222403
2012,22,72606.0,LOGAN SQUARE,100.05756668057336
2012,23,54351.0,HUMBOLDT PARK,100.48087648273764
2012,24,85268.0,WEST TOWN,127.56290457232984
2012,25,98162.0,AUSTIN,199.25420338818205
2012,26,19377.0,WEST GARFIELD PARK,36.09284880796031
2012,27,21316.0,EAST GARFIELD PARK,53.88322083574582
2012,28,54151.0,NEAR WEST SIDE,158.49246652347665
2012,29,36074.0,NORTH LAWNDALE,89.48742200680012
2012,30,70557.0,SOUTH LAWNDALE,127.99829784190968
2012,31,36577.0,LOWER WEST SIDE,81.55072362189355
2012,32,26363.0,LOOP,46.3355654497116
2012,33,20245.0,NEAR SOUTH SIDE,49.769639444136615
2012,34,13710.0,ARMOUR SQUARE,27.766196090094883
2012,35,19111.0,DOUGLAS,46.004621149279
2012,36,6260.0,OAKLAND,16.913961037490527
2012,37,2924.0,FULLER PARK,19.916704865338488
2012,38,23151.0,GRAND BOULEVARD,48.49250314605212
2012,39,18180.0,KENWOOD,29.071741922715727
2012,40,11146.0,WASHINGTON PARK,42.37388147613499
2012,41,26541.0,HYDE PARK,45.10538016450888
2012,42,22625.0,WOODLAWN,57.81517950095547
2012,43,49346.0,SOUTH SHORE,81.81271638009841
2012,44,33244.0,CHATHAM,82.32067029535114
2012,45,9617.0,AVALON PARK,34.852737729948345
2012,46,29458.0,SOUTH CHICAGO,93.2721849914544
2012,47,3508.0,BURNSIDE,16.995983270423185
2012,48,14382.0,CALUMET HEIGHTS,48.82624155505823
2012,49,45285.0,ROSELAND,134.31370670490057
2012,50,7262.0,PULLMAN,59.00155559069487
2012,51,16445.0,SOUTH DEERING,303.79705960132867
2012,52,23517.0,EAST SIDE,83.24172803329057
2012,53,30759.0,WEST PULLMAN,99.36519806341394
2012,54,6820.0,RIVERDALE,98.38949739579031
2012,55,10168.0,HEGEWISCH,145.96574140897752
2012,56,33940.0,GARFIELD RIDGE,117.89077840626808
2012,57,13434.0,ARCHER HEIGHTS,55.92250571042751
2012,58,44148.0,BRIGHTON PARK,75.89279029683405
2012,59,16434.0,MCKINLEY PARK,39.431799640295466
2012,60,32430.0,BRIDGEPORT,58.29151926539481
2012,61,42107.0,NEW CITY,134.6369632279751
2012,62,18980.0,WEST ELSDON,32.71109141959873
2012,63,39492.0,GAGE PARK,61.28489610145672
2012,64,22716.0,CLEARING,71.14519236904174
2012,65,32950.0,WEST LAWN,82.3153016672832
2012,66,54807.0,CHICAGO LAWN,98.27946509626284
2012,67,35294.0,WEST ENGLEWOOD,87.94769193108257
2012,68,28824.0,ENGLEWOOD,85.65232306609218
2012,69,32873.0,GREATER GRAND CROSSING,98.85316769023828
2012,70,42788.0,ASHBURN,135.46033718240324
2012,71,49634.0,AUBURN GRESHAM,105.06535358129682
2012,72,21226.0,BEVERLY,88.7793639211539
2012,73,26021.0,WASHINGTON HEIGHTS,79.63575286171745
2012,74,18475.0,MOUNT GREENWOOD,75.58429000631087
2012,75,22681.0,MORGAN PARK,91.877340681314
2012,76,13540.0,OHARE,371.8356076134321
2012,77,55333.0,EDGEWATER,48.449990830225794
2013,1,57165.0,ROGERS PARK,51.25990244057384
2013,2,73305.0,WEST RIDGE,98.4290948429624
2013,3,54449.0,UPTOWN,65.09564271609112
2013,4,38667.0,LINCOLN SQUARE,71.35232822594875
2013,5,34534.0,NORTH CENTER,57.05416783863191
2013,6,96541.0,LAKE VIEW,87.21479925558447
2013,7,65889.0,LINCOLN PARK,88.31640045539218
2013,8,83215.0,NEAR NORTH SIDE,76.67589595801923
2013,9,10884.0,EDISON PARK,31.63631378020181
2013,10,36988.0,NORWOOD PARK,121.95910544621267
2013,11,27212.0,JEFFERSON PARK,64.86816166921948
2013,12,18710.0,FOREST GLEN,89.13089361873274
2013,13,19218.0,NORTH PARK,70.28870642060181
2013,14,54018.0,ALBANY PARK,53.54223080864773
2013,15,63594.0,PORTAGE PARK,110.19609711747748
2013,16,56841.0,IRVING PARK,89.61138229311392
2013,17,42405.0,DUNNING,103.5950011545707
2013,18,12283.0,MONTCLARE,27.576393627174237
2013,19,78279.0,BELMONT CRAGIN,109.09941466771691
2013,20,25265.0,HERMOSA,32.60205939915233
2013,21,40262.0,AVONDALE,55.29059546222403
2013,22,72700.0,LOGAN SQUARE,100.05756668057336
2013,23,52788.0,HUMBOLDT PARK,100.48087648273764
2013,24,84861.0,WEST TOWN,127.56290457232984
2013,25,97997.0,AUSTIN,199.25420338818205
2013,26,18715.0,WEST GARFIELD PARK,36.09284880796031
2013,27,20705.0,EAST GARFIELD PARK,53.88322083574582
2013,28,55877.0,NEAR WEST SIDE,158.49246652347665
2013,29,36169.0,NORTH LAWNDALE,89.48742200680012
2013,30,69951.0,SOUTH LAWNDALE,127.99829784190968
2013,31,35353.0,LOWER WEST SIDE,81.55072362189355
2013,32,28614.0,LOOP,46.3355654497116
2013,33,21042.0,NEAR SOUTH SIDE,49.769639444136615
2013,34,14120.0,ARMOUR SQUARE,27.766196090094883
2013,35,19074.0,DOUGLAS,46.004621149279
2013,36,6247.0,OAKLAND,16.913961037490527
2013,37,2798.0,FULLER PARK,19.916704865338488
2013,38,22616.0,GRAND BOULEVARD,48.49250314605212
2013,39,18021.0,KENWOOD,29.071741922715727
2013,40,11530.0,WASHINGTON PARK,42.37388147613499
2013,41,26831.0,HYDE PARK,45.10538016450888
2013,42,22661.0,WOODLAWN,57.81517950095547
2013,43,51076.0,SOUTH SHORE,81.81271638009841
2013,44,31898.0,CHATHAM,82.32067029535114
2013,45,9951.0,AVALON PARK,34.852737729948345
2013,46,29052.0,SOUTH CHICAGO,93.2721849914544
2013,47,2837.0,BURNSIDE,16.995983270423185
2013,48,13854.0,CALUMET HEIGHTS,48.82624155505823
2013,49,44495.0,ROSELAND,134.31370670490057
2013,50,6934.0,PULLMAN,59.00155559069487
2013,51,15743.0,SOUTH DEERING,303.79705960132867
2013,52,23526.0,EAST SIDE,83.24172803329057
2013,53,29796.0,WEST PULLMAN,99.36519806341394
2013,54,7006.0,RIVERDALE,98.38949739579031
2013,55,9822.0,HEGEWISCH,145.96574140897752
2013,56,34709.0,GARFIELD RIDGE,117.89077840626808
2013,57,14132.0,ARCHER HEIGHTS,55.92250571042751
2013,58,43567.0,BRIGHTON PARK,75.89279029683405
2013,59,16538.0,MCKINLEY PARK,39.431799640295466
2013,60,32639.0,BRIDGEPORT,58.29151926539481
2013,61,41758.0,NEW CITY,134.6369632279751
2013,62,19517.0,WEST ELSDON,32.71109141959873
2013,63,39580.0,GAGE PARK,61.28489610145672
2013,64,23399.0,CLEARING,71.14519236904174
2013,65,33199.0,WEST LAWN,82.3153016672832
2013,66,55598.0,CHICAGO LAWN,98.27946509626284
2013,67,34632.0,WEST ENGLEWOOD,87.94769193108257
2013,68,28361.0,ENGLEWOOD,85.65232306609218
2013,69,32804.0,GREATER GRAND CROSSING,98.85316769023828
2013,70,42821.0,ASHBURN,135.46033718240324
2013,71,48934.0,AUBURN GRESHAM,105.06535358129682
2013,72,21762.0,BEVERLY,88.7793639211539
2013,73,26241.0,WASHINGTON HEIGHTS,79.63575286171745
2013,74,18397.0,MOUNT GREENWOOD,75.58429000631087
2013,75,23568.0,MORGAN PARK,91.877340681314
2013,76,13700.0,OHARE,371.8356076134321
2013,77,55548.0,EDGEWATER,48.449990830225794
2014,1,55053.0,ROGERS PARK,51.25990244057384
2014,2,73019.0,WEST RIDGE,98.4290948429624
2014,3,54062.0,UPTOWN,65.09564271609112
2014,4,39547.0,LINCOLN SQUARE,71.35232822594875
2014,5,34815.0,NORTH CENTER,57.05416783863191
2014,6,97968.0,LAKE VIEW,87.21479925558447
2014,7,65951.0,LINCOLN PARK,88.31640045539218
2014,8,84305.0,NEAR NORTH SIDE,76.67589595801923
2014,9,10993.0,EDISON PARK,31.63631378020181
2014,10,36486.0,NORWOOD PARK,121.95910544621267
2014,11,26975.0,JEFFERSON PARK,64.86816166921948
2014,12,18478.0,FOREST GLEN,89.13089361873274
2014,13,18058.0,NORTH PARK,70.28870642060181
2014,14,52930.0,ALBANY PARK,53.54223080864773
2014,15,64427.0,PORTAGE PARK,110.19609711747748
2014,16,56490.0,IRVING PARK,89.61138229311392
2014,17,43053.0,DUNNING,103.5950011545707
2014,18,12840.0,MONTCLARE,27.576393627174237
2014,19,79069.0,BELMONT CRAGIN,109.09941466771691
2014,20,24836.0,HERMOSA,32.60205939915233
2014,21,39117.0,AVONDALE,55.29059546222403
2014,22,72892.0,LOGAN SQUARE,100.05756668057336
2014,23,54515.0,HUMBOLDT PARK,100.48087648273764
2014,24,85482.0,WEST TOWN,127.56290457232984
2014,25,99711.0,AUSTIN,199.25420338818205
2014,26,18885.0,WEST GARFIELD PARK,36.09284880796031
2014,27,20271.0,EAST GARFIELD PARK,53.88322083574582
2014,28,58899.0,NEAR WEST SIDE,158.49246652347665
2014,29,35623.0,NORTH LAWNDALE,89.48742200680012
2014,30,72881.0,SOUTH LAWNDALE,127.99829784190968
2014,31,34979.0,LOWER WEST SIDE,81.55072362189355
2014,32,30642.0,LOOP,46.3355654497116
2014,33,22021.0,NEAR SOUTH SIDE,49.769639444136615
2014,34,13850.0,ARMOUR SQUARE,27.766196090094883
2014,35,19430.0,DOUGLAS,46.004621149279
2014,36,6473.0,OAKLAND,16.913961037490527
2014,37,2543.0,FULLER PARK,19.916704865338488
2014,38,22531.0,GRAND BOULEVARD,48.49250314605212
2014,39,18217.0,KENWOOD,29.071741922715727
2014,40,11647.0,WASHINGTON PARK,42.37388147613499
2014,41,26705.0,HYDE PARK,45.10538016450888
2014,42,23637.0,WOODLAWN,57.81517950095547
2014,43,50630.0,SOUTH SHORE,81.81271638009841
2014,44,31493.0,CHATHAM,82.32067029535114
2014,45,10098.0,AVALON PARK,34.852737729948345
2014,46,28550.0,SOUTH CHICAGO,93.2721849914544
2014,47,2618.0,BURNSIDE,16.995983270423185
2014,48,13400.0,CALUMET HEIGHTS,48.82624155505823
2014,49,44267.0,ROSELAND,134.31370670490057
2014,50,6970.0,PULLMAN,59.00155559069487
2014,51,15570.0,SOUTH DEERING,303.79705960132867
2014,52,23739.0,EAST SIDE,83.24172803329057
2014,53,28160.0,WEST PULLMAN,99.36519806341394
2014,54,7190.0,RIVERDALE,98.38949739579031
2014,55,9338.0,HEGEWISCH,145.96574140897752
2014,56,34743.0,GARFIELD RIDGE,117.89077840626808
2014,57,13998.0,ARCHER HEIGHTS,55.92250571042751
2014,58,44130.0,BRIGHTON PARK,75.89279029683405
2014,59,16449.0,MCKINLEY PARK,39.431799640295466
2014,60,31939.0,BRIDGEPORT,58.29151926539481
2014,61,41598.0,NEW CITY,134.6369632279751
2014,62,19165.0,WEST ELSDON,32.71109141959873
2014,63,40381.0,GAGE PARK,61.28489610145672
2014,64,24452.0,CLEARING,71.14519236904174
2014,65,33477.0,WEST LAWN,82.3153016672832
2014,66,56293.0,CHICAGO LAWN,98.27946509626284
2014,67,34272.0,WEST ENGLEWOOD,87.94769193108257
2014,68,27297.0,ENGLEWOOD,85.65232306609218
2014,69,32849.0,GREATER GRAND CROSSING,98.85316769023828
2014,70,42809.0,ASHBURN,135.46033718240324
2014,71,47611.0,AUBURN GRESHAM,105.06535358129682
2014,72,21002.0,BEVERLY,88.7793639211539
2014,73,26435.0,WASHINGTON HEIGHTS,79.63575286171745
2014,74,18357.0,MOUNT GREENWOOD,75.58429000631087
2014,75,23204.0,MORGAN PARK,91.877340681314
2014,76,14143.0,OHARE,371.8356076134321
2014,77,55276.0,EDGEWATER,48.449990830225794
2015,1,54402.0,ROGERS PARK,51.25990244057384
2015,2,72211.0,WEST RIDGE,98.4290948429624
2015,3,55137.0,UPTOWN,65.09564271609112
2015,4,40761.0,LINCOLN SQUARE,71.35232822594875
2015,5,34623.0,NORTH CENTER,57.05416783863191
2015,6,98212.0,LAKE VIEW,87.21479925558447
2015,7,66959.0,LINCOLN PARK,88.31640045539218
2015,8,85711.0,NEAR NORTH SIDE,76.67589595801923
2015,9,11356.0,EDISON PARK,31.63631378020181
2015,10,36083.0,NORWOOD PARK,121.95910544621267
2015,11,27264.0,JEFFERSON PARK,64.86816166921948
2015,12,18437.0,FOREST GLEN,89.13089361873274
2015,13,18442.0,NORTH PARK,70.28870642060181
2015,14,52079.0,ALBANY PARK,53.54223080864773
2015,15,64846.0,PORTAGE PARK,110.19609711747748
2015,16,56520.0,IRVING PARK,89.61138229311392
2015,17,43025.0,DUNNING,103.5950011545707
2015,18,12973.0,MONTCLARE,27.576393627174237
2015,19,79210.0,BELMONT CRAGIN,109.09941466771691
2015,20,25489.0,HERMOSA,32.60205939915233
2015,21,39721.0,AVONDALE,55.29059546222403
2015,22,73407.0,LOGAN SQUARE,100.05756668057336
2015,23,55011.0,HUMBOLDT PARK,100.48087648273764
2015,24,86724.0,WEST TOWN,127.56290457232984
2015,25,97643.0,AUSTIN,199.25420338818205
2015,26,17733.0,WEST GARFIELD PARK,36.09284880796031
2015,27,20665.0,EAST GARFIELD PARK,53.88322083574582
2015,28,61768.0,NEAR WEST SIDE,158.49246652347665
2015,29,35276.0,NORTH LAWNDALE,89.48742200680012
2015,30,73826.0,SOUTH LAWNDALE,127.99829784190968
2015,31,34410.0,LOWER WEST SIDE,81.55072362189355
2015,32,33442.0,LOOP,46.3355654497116
2015,33,22401.0,NEAR SOUTH SIDE,49.769639444136615
2015,34,14007.0,ARMOUR SQUARE,27.766196090094883
2015,35,20323.0,DOUGLAS,46.004621149279
2015,36,6422.0,OAKLAND,16.913961037490527
2015,37,2457.0,FULLER PARK,19.916704865338488
2015,38,22750.0,GRAND BOULEVARD,48.49250314605212
2015,39,17601.0,KENWOOD,29.071741922715727
2015,40,12081.0,WASHINGTON PARK,42.37388147613499
2015,41,26893.0,HYDE PARK,45.10538016450888
2015,42,24631.0,WOODLAWN,57.81517950095547
2015,43,50970.0,SOUTH SHORE,81.81271638009841
2015,44,31359.0,CHATHAM,82.32067029535114
2015,45,9813.0,AVALON PARK,34.852737729948345
2015,46,28095.0,SOUTH CHICAGO,93.2721849914544
2015,47,2601.0,BURNSIDE,16.995983270423185
2015,48,13732.0,CALUMET HEIGHTS,48.82624155505823
2015,49,42505.0,ROSELAND,134.31370670490057
2015,50,6501.0,PULLMAN,59.00155559069487
2015,51,15305.0,SOUTH DEERING,303.79705960132867
2015,52,23817.0,EAST SIDE,83.24172803329057
2015,53,27973.0,WEST PULLMAN,99.36519806341394
2015,54,7090.0,RIVERDALE,98.38949739579031
2015,55,8952.0,HEGEWISCH,145.96574140897752
2015,56,35632.0,GARFIELD RIDGE,117.89077840626808
2015,57,13293.0,ARCHER HEIGHTS,55.92250571042751
2015,58,44202.0,BRIGHTON PARK,75.89279029683405
2015,59,16336.0,MCKINLEY PARK,39.431799640295466
2015,60,33939.0,BRIDGEPORT,58.29151926539481
2015,61,41083.0,NEW CITY,134.6369632279751
2015,62,19192.0,WEST ELSDON,32.71109141959873
2015,63,41202.0,GAGE PARK,61.28489610145672
2015,64,24962.0,CLEARING,71.14519236904174
2015,65,32749.0,WEST LAWN,82.3153016672832
2015,66,55551.0,CHICAGO LAWN,98.27946509626284
2015,67,32156.0,WEST ENGLEWOOD,87.94769193108257
2015,68,26121.0,ENGLEWOOD,85.65232306609218
2015,69,32346.0,GREATER GRAND CROSSING,98.85316769023828
2015,70,42752.0,ASHBURN,135.46033718240324
2015,71,45842.0,AUBURN GRESHAM,105.06535358129682
2015,72,20815.0,BEVERLY,88.7793639211539
2015,73,27116.0,WASHINGTON HEIGHTS,79.63575286171745
2015,74,18783.0,MOUNT GREENWOOD,75.58429000631087
2015,75,22908.0,MORGAN PARK,91.877340681314
2015,76,13483.0,OHARE,371.8356076134321
2015,77,54873.0,EDGEWATER,48.449990830225794
2016,1,55500.0,ROGERS PARK,51.25990244057384
2016,2,73723.0,WEST RIDGE,98.4290948429624
2016,3,56296.0,UPTOWN,65.09564271609112
2016,4,41483.0,LINCOLN SQUARE,71.35232822594875
2016,5,34942.0,NORTH CENTER,57.05416783863191
2016,6,99876.0,LAKE VIEW,87.21479925558447
2016,7,67260.0,LINCOLN PARK,88.31640045539218
2016,8,86343.0,NEAR NORTH SIDE,76.67589595801923
2016,9,11150.0,EDISON PARK,31.63631378020181
2016,10,36002.0,NORWOOD PARK,121.95910544621267
2016,11,26755.0,JEFFERSON PARK,64.86816166921948
2016,12,18631.0,FOREST GLEN,89.13089361873274
2016,13,18743.0,NORTH PARK,70.28870642060181
2016,14,51575.0,ALBANY PARK,53.54223080864773
2016,15,64523.0,PORTAGE PARK,110.19609711747748
2016,16,55417.0,IRVING PARK,89.61138229311392
2016,17,43444.0,DUNNING,103.5950011545707
2016,18,12992.0,MONTCLARE,27.576393627174237
2016,19,78155.0,BELMONT CRAGIN,109.09941466771691
2016,20,24450.0,HERMOSA,32.60205939915233
2016,21,38191.0,AVONDALE,55.29059546222403
2016,22,73511.0,LOGAN SQUARE,100.05756668057336
2016,23,56248.0,HUMBOLDT PARK,100.48087648273764
2016,24,85554.0,WEST TOWN,127.56290457232984
2016,25,97611.0,AUSTIN,199.25420338818205
2016,26,17490.0,WEST GARFIELD PARK,36.09284880796031
2016,27,20234.0,EAST GARFIELD PARK,53.88322083574582
2016,28,62560.0,NEAR WEST SIDE,158.49246652347665
2016,29,35423.0,NORTH LAWNDALE,89.48742200680012
2016,30,73983.0,SOUTH LAWNDALE,127.99829784190968
2016,31,32998.0,LOWER WEST SIDE,81.55072362189355
2016,32,35010.0,LOOP,46.3355654497116
2016,33,23190.0,NEAR SOUTH SIDE,49.769639444136615
2016,34,13635.0,ARMOUR SQUARE,27.766196090094883
2016,35,20559.0,DOUGLAS,46.004621149279
2016,36,6474.0,OAKLAND,16.913961037490527
2016,37,2377.0,FULLER PARK,19.916704865338488
2016,38,22634.0,GRAND BOULEVARD,48.49250314605212
2016,39,17074.0,KENWOOD,29.071741922715727
2016,40,11868.0,WASHINGTON PARK,42.37388147613499
2016,41,26573.0,HYDE PARK,45.10538016450888
2016,42,24171.0,WOODLAWN,57.81517950095547
2016,43,50406.0,SOUTH SHORE,81.81271638009841
2016,44,30946.0,CHATHAM,82.32067029535114
2016,45,9840.0,AVALON PARK,34.852737729948345
2016,46,27601.0,SOUTH CHICAGO,93.2721849914544
2016,47,2442.0,BURNSIDE,16.995983270423185
2016,48,13306.0,CALUMET HEIGHTS,48.82624155505823
2016,49,42327.0,ROSELAND,134.31370670490057
2016,50,6620.0,PULLMAN,59.00155559069487
2016,51,14635.0,SOUTH DEERING,303.79705960132867
2016,52,23013.0,EAST SIDE,83.24172803329057
2016,53,27572.0,WEST PULLMAN,99.36519806341394
2016,54,7382.0,RIVERDALE,98.38949739579031
2016,55,9151.0,HEGEWISCH,145.96574140897752
2016,56,35542.0,GARFIELD RIDGE,117.89077840626808
2016,57,13259.0,ARCHER HEIGHTS,55.92250571042751
2016,58,44231.0,BRIGHTON PARK,75.89279029683405
2016,59,16064.0,MCKINLEY PARK,39.431799640295466
2016,60,32853.0,BRIDGEPORT,58.29151926539481
2016,61,41178.0,NEW CITY,134.6369632279751
2016,62,19932.0,WEST ELSDON,32.71109141959873
2016,63,40926.0,GAGE PARK,61.28489610145672
2016,64,25200.0,CLEARING,71.14519236904174
2016,65,33595.0,WEST LAWN,82.3153016672832
2016,66,54265.0,CHICAGO LAWN,98.27946509626284
2016,67,30798.0,WEST ENGLEWOOD,87.94769193108257
2016,68,26020.0,ENGLEWOOD,85.65232306609218
2016,69,32461.0,GREATER GRAND CROSSING,98.85316769023828
2016,70,43283.0,ASHBURN,135.46033718240324
2016,71,45770.0,AUBURN GRESHAM,105.06535358129682
2016,72,20836.0,BEVERLY,88.7793639211539
2016,73,27055.0,WASHINGTON HEIGHTS,79.63575286171745
2016,74,19029.0,MOUNT GREENWOOD,75.58429000631087
2016,75,23019.0,MORGAN PARK,91.877340681314
2016,76,12902.0,OHARE,371.8356076134321
2016,77,55430.0,EDGEWATER,48.449990830225794
2017,1,55062.0,ROGERS PARK,51.25990244057384
2017,2,76215.0,WEST RIDGE,98.4290948429624
2017,3,57973.0,UPTOWN,65.09564271609112
2017,4,41715.0,LINCOLN SQUARE,71.35232822594875
2017,5,35789.0,NORTH CENTER,57.05416783863191
2017,6,100470.0,LAKE VIEW,87.21479925558447
2017,7,67710.0,LINCOLN PARK,88.31640045539218
2017,8,88893.0,NEAR NORTH SIDE,76.67589595801923
2017,9,11753.0,EDISON PARK,31.63631378020181
2017,10,36936.0,NORWOOD PARK,121.95910544621267
2017,11,26808.0,JEFFERSON PARK,64.86816166921948
2017,12,18997.0,FOREST GLEN,89.13089361873274
2017,13,18842.0,NORTH PARK,70.28870642060181
2017,14,51992.0,ALBANY PARK,53.54223080864773
2017,15,64313.0,PORTAGE PARK,110.19609711747748
2017,16,54606.0,IRVING PARK,89.61138229311392
2017,17,43689.0,DUNNING,103.5950011545707
2017,18,13784.0,MONTCLARE,27.576393627174237
2017,19,79956.0,BELMONT CRAGIN,109.09941466771691
2017,20,24144.0,HERMOSA,32.60205939915233
2017,21,37368.0,AVONDALE,55.29059546222403
2017,22,72823.0,LOGAN SQUARE,100.05756668057336
2017,23,56427.0,HUMBOLDT PARK,100.48087648273764
2017,24,84726.0,WEST TOWN,127.56290457232984
2017,25,95260.0,AUSTIN,199.25420338818205
2017,26,17155.0,WEST GARFIELD PARK,36.09284880796031
2017,27,20004.0,EAST GARFIELD PARK,53.88322083574582
2017,28,62872.0,NEAR WEST SIDE,158.49246652347665
2017,29,35947.0,NORTH LAWNDALE,89.48742200680012
2017,30,74851.0,SOUTH LAWNDALE,127.99829784190968
2017,31,32888.0,LOWER WEST SIDE,81.55072362189355
2017,32,35880.0,LOOP,46.3355654497116
2017,33,23620.0,NEAR SOUTH SIDE,49.769639444136615
2017,34,13396.0,ARMOUR SQUARE,27.766196090094883
2017,35,20781.0,DOUGLAS,46.004621149279
2017,36,6645.0,OAKLAND,16.913961037490527
2017,37,2354.0,FULLER PARK,19.916704865338488
2017,38,22905.0,GRAND BOULEVARD,48.49250314605212
2017,39,17189.0,KENWOOD,29.071741922715727
2017,40,11502.0,WASHINGTON PARK,42.37388147613499
2017,41,26827.0,HYDE PARK,45.10538016450888
2017,42,23541.0,WOODLAWN,57.81517950095547
2017,43,50145.0,SOUTH SHORE,81.81271638009841
2017,44,31071.0,CHATHAM,82.32067029535114
2017,45,10034.0,AVALON PARK,34.852737729948345
2017,46,28263.0,SOUTH CHICAGO,93.2721849914544
2017,47,2254.0,BURNSIDE,16.995983270423185
2017,48,13188.0,CALUMET HEIGHTS,48.82624155505823
2017,49,42433.0,ROSELAND,134.31370670490057
2017,50,6613.0,PULLMAN,59.00155559069487
2017,51,14614.0,SOUTH DEERING,303.79705960132867
2017,52,23771.0,EAST SIDE,83.24172803329057
2017,53,27733.0,WEST PULLMAN,99.36519806341394
2017,54,7394.0,RIVERDALE,98.38949739579031
2017,55,9384.0,HEGEWISCH,145.96574140897752
2017,56,36452.0,GARFIELD RIDGE,117.89077840626808
2017,57,13169.0,ARCHER HEIGHTS,55.92250571042751
2017,58,44813.0,BRIGHTON PARK,75.89279029683405
2017,59,15767.0,MCKINLEY PARK,39.431799640295466
2017,60,33696.0,BRIDGEPORT,58.29151926539481
2017,61,39646.0,NEW CITY,134.6369632279751
2017,62,19210.0,WEST ELSDON,32.71109141959873
2017,63,40873.0,GAGE PARK,61.28489610145672
2017,64,25891.0,CLEARING,71.14519236904174
2017,65,33108.0,WEST LAWN,82.3153016672832
2017,66,53098.0,CHICAGO LAWN,98.27946509626284
2017,67,29929.0,WEST ENGLEWOOD,87.94769193108257
2017,68,25075.0,ENGLEWOOD,85.65232306609218
2017,69,31766.0,GREATER GRAND CROSSING,98.85316769023828
2017,70,43792.0,ASHBURN,135.46033718240324
2017,71,46278.0,AUBURN GRESHAM,105.06535358129682
2017,72,20822.0,BEVERLY,88.7793639211539
2017,73,27453.0,WASHINGTON HEIGHTS,79.63575286171745
2017,74,19277.0,MOUNT GREENWOOD,75.58429000631087
2017,75,22375.0,MORGAN PARK,91.877340681314
2017,76,12139.0,OHARE,371.8356076134321
2017,77,55965.0,EDGEWATER,48.449990830225794
2018,1,54872.0,ROGERS PARK,51.25990244057384
2018,2,77212.0,WEST RIDGE,98.4290948429624
2018,3,58424.0,UPTOWN,65.09564271609112
2018,4,41713.0,LINCOLN SQUARE,71.35232822594875
2018,5,35705.0,NORTH CENTER,57.05416783863191
2018,6,100547.0,LAKE VIEW,87.21479925558447
2018,7,68697.0,LINCOLN PARK,88.31640045539218
2018,8,89995.0,NEAR NORTH SIDE,76.67589595801923
2018,9,11724.0,EDISON PARK,31.63631378020181
2018,10,37170.0,NORWOOD PARK,121.95910544621267
2018,11,27989.0,JEFFERSON PARK,64.86816166921948
2018,12,19092.0,FOREST GLEN,89.13089361873274
2018,13,18451.0,NORTH PARK,70.28870642060181
2018,14,50343.0,ALBANY PARK,53.54223080864773
2018,15,64961.0,PORTAGE PARK,110.19609711747748
2018,16,53665.0,IRVING PARK,89.61138229311392
2018,17,44035.0,DUNNING,103.5950011545707
2018,18,13811.0,MONTCLARE,27.576393627174237
2018,19,80701.0,BELMONT CRAGIN,109.09941466771691
2018,20,23489.0,HERMOSA,32.60205939915233
2018,21,37909.0,AVONDALE,55.29059546222403
2018,22,72592.0,LOGAN SQUARE,100.05756668057336
2018,23,56162.0,HUMBOLDT PARK,100.48087648273764
2018,24,84388.0,WEST TOWN,127.56290457232984
2018,25,94762.0,AUSTIN,199.25420338818205
2018,26,16943.0,WEST GARFIELD PARK,36.09284880796031
2018,27,19738.0,EAST GARFIELD PARK,53.88322083574582
2018,28,62733.0,NEAR WEST SIDE,158.49246652347665
2018,29,33854.0,NORTH LAWNDALE,89.48742200680012
2018,30,74943.0,SOUTH LAWNDALE,127.99829784190968
2018,31,32789.0,LOWER WEST SIDE,81.55072362189355
2018,32,37647.0,LOOP,46.3355654497116
2018,33,24343.0,NEAR SOUTH SIDE,49.769639444136615
2018,34,13719.0,ARMOUR SQUARE,27.766196090094883
2018,35,21268.0,DOUGLAS,46.004621149279
2018,36,6850.0,OAKLAND,16.913961037490527
2018,37,2320.0,FULLER PARK,19.916704865338488
2018,38,23200.0,GRAND BOULEVARD,48.49250314605212
2018,39,17440.0,KENWOOD,29.071741922715727
2018,40,11355.0,WASHINGTON PARK,42.37388147613499
2018,41,27517.0,HYDE PARK,45.10538016450888
2018,42,23298.0,WOODLAWN,57.81517950095547
2018,43,51171.0,SOUTH SHORE,81.81271638009841
2018,44,30653.0,CHATHAM,82.32067029535114
2018,45,9785.0,AVALON PARK,34.852737729948345
2018,46,29021.0,SOUTH CHICAGO,93.2721849914544
2018,47,2336.0,BURNSIDE,16.995983270423185
2018,48,12956.0,CALUMET HEIGHTS,48.82624155505823
2018,49,41106.0,ROSELAND,134.31370670490057
2018,50,6816.0,PULLMAN,59.00155559069487
2018,51,14697.0,SOUTH DEERING,303.79705960132867
2018,52,24230.0,EAST SIDE,83.24172803329057
2018,53,27471.0,WEST PULLMAN,99.36519806341394
2018,54,7262.0,RIVERDALE,98.38949739579031
2018,55,9205.0,HEGEWISCH,145.96574140897752
2018,56,36462.0,GARFIELD RIDGE,117.89077840626808
2018,57,13082.0,ARCHER HEIGHTS,55.92250571042751
2018,58,45031.0,BRIGHTON PARK,75.89279029683405
2018,59,15920.0,MCKINLEY PARK,39.431799640295466
2018,60,33888.0,BRIDGEPORT,58.29151926539481
2018,61,39542.0,NEW CITY,134.6369632279751
2018,62,19336.0,WEST ELSDON,32.71109141959873
2018,63,39302.0,GAGE PARK,61.28489610145672
2018,64,25735.0,CLEARING,71.14519236904174
2018,65,32176.0,WEST LAWN,82.3153016672832
2018,66,52003.0,CHICAGO LAWN,98.27946509626284
2018,67,28237.0,WEST ENGLEWOOD,87.94769193108257
2018,68,23792.0,ENGLEWOOD,85.65232306609218
2018,69,30805.0,GREATER GRAND CROSSING,98.85316769023828
2018,70,43986.0,ASHBURN,135.46033718240324
2018,71,45271.0,AUBURN GRESHAM,105.06535358129682
2018,72,20437.0,BEVERLY,88.7793639211539
2018,73,27354.0,WASHINGTON HEIGHTS,79.63575286171745
2018,74,19342.0,MOUNT GREENWOOD,75.58429000631087
2018,75,21674.0,MORGAN PARK,91.877340681314
2018,76,12549.0,OHARE,371.8356076134321
2018,77,57022.0,EDGEWATER,48.449990830225794
2019,1,55475.0,ROGERS PARK,51.25990244057384
2019,2,78466.0,WEST RIDGE,98.4290948429624
2019,3,58979.0,UPTOWN,65.09564271609112
2019,4,42103.0,LINCOLN SQUARE,71.35232822594875
2019,5,35543.0,NORTH CENTER,57.05416783863191
2019,6,101365.0,LAKE VIEW,87.21479925558447
2019,7,69465.0,LINCOLN PARK,88.31640045539218
2019,8,93318.0,NEAR NORTH SIDE,76.67589595801923
2019,9,11264.0,EDISON PARK,31.63631378020181
2019,10,37924.0,NORWOOD PARK,121.95910544621267
2019,11,27503.0,JEFFERSON PARK,64.86816166921948
2019,12,19384.0,FOREST GLEN,89.13089361873274
2019,13,18914.0,NORTH PARK,70.28870642060181
2019,14,49806.0,ALBANY PARK,53.54223080864773
2019,15,64605.0,PORTAGE PARK,110.19609711747748
2019,16,53530.0,IRVING PARK,89.61138229311392
2019,17,43445.0,DUNNING,103.5950011545707
2019,18,14267.0,MONTCLARE,27.576393627174237
2019,19,78601.0,BELMONT CRAGIN,109.09941466771691
2019,20,23481.0,HERMOSA,32.60205939915233
2019,21,38118.0,AVONDALE,55.29059546222403
2019,22,72189.0,LOGAN SQUARE,100.05756668057336
2019,23,55364.0,HUMBOLDT PARK,100.48087648273764
2019,24,84846.0,WEST TOWN,127.56290457232984
2019,25,93727.0,AUSTIN,199.25420338818205
2019,26,16415.0,WEST GARFIELD PARK,36.09284880796031
2019,27,18940.0,EAST GARFIELD PARK,53.88322083574582
2019,28,63170.0,NEAR WEST SIDE,158.49246652347665
2019,29,32073.0,NORTH LAWNDALE,89.48742200680012
2019,30,72157.0,SOUTH LAWNDALE,127.99829784190968
2019,31,33203.0,LOWER WEST SIDE,81.55072362189355
2019,32,38655.0,LOOP,46.3355654497116
2019,33,24729.0,NEAR SOUTH SIDE,49.769639444136615
2019,34,13538.0,ARMOUR SQUARE,27.766196090094883
2019,35,21353.0,DOUGLAS,46.004621149279
2019,36,7227.0,OAKLAND,16.913961037490527
2019,37,2330.0,FULLER PARK,19.916704865338488
2019,38,22643.0,GRAND BOULEVARD,48.49250314605212
2019,39,17954.0,KENWOOD,29.071741922715727
2019,40,10969.0,WASHINGTON PARK,42.37388147613499
2019,41,27482.0,HYDE PARK,45.10538016450888
2019,42,23129.0,WOODLAWN,57.81517950095547
2019,43,51980.0,SOUTH SHORE,81.81271638009841
2019,44,30967.0,CHATHAM,82.32067029535114
2019,45,9713.0,AVALON PARK,34.852737729948345
2019,46,29936.0,SOUTH CHICAGO,93.2721849914544
2019,47,2006.0,BURNSIDE,16.995983270423185
2019,48,12815.0,CALUMET HEIGHTS,48.82624155505823
2019,49,39162.0,ROSELAND,134.31370670490057
2019,50,6840.0,PULLMAN,59.00155559069487
2019,51,15475.0,SOUTH DEERING,303.79705960132867
2019,52,23723.0,EAST SIDE,83.24172803329057
2019,53,27028.0,WEST PULLMAN,99.36519806341394
2019,54,7359.0,RIVERDALE,98.38949739579031
2019,55,9089.0,HEGEWISCH,145.96574140897752
2019,56,37207.0,GARFIELD RIDGE,117.89077840626808
2019,57,13726.0,ARCHER HEIGHTS,55.92250571042751
2019,58,44156.0,BRIGHTON PARK,75.89279029683405
2019,59,15177.0,MCKINLEY PARK,39.431799640295466
2019,60,34540.0,BRIDGEPORT,58.29151926539481
2019,61,39508.0,NEW CITY,134.6369632279751
2019,62,19126.0,WEST ELSDON,32.71109141959873
2019,63,37478.0,GAGE PARK,61.28489610145672
2019,64,24976.0,CLEARING,71.14519236904174
2019,65,31886.0,WEST LAWN,82.3153016672832
2019,66,51352.0,CHICAGO LAWN,98.27946509626284
2019,67,26346.0,WEST ENGLEWOOD,87.94769193108257
2019,68,22921.0,ENGLEWOOD,85.65232306609218
2019,69,30149.0,GREATER GRAND CROSSING,98.85316769023828
2019,70,43356.0,ASHBURN,135.46033718240324
2019,71,45909.0,AUBURN GRESHAM,105.06535358129682
2019,72,19791.0,BEVERLY,88.7793639211539
2019,73,26742.0,WASHINGTON HEIGHTS,79.63575286171745
2019,74,19190.0,MOUNT GREENWOOD,75.58429000631087
2019,75,21050.0,MORGAN PARK,91.877340681314
2019,76,12861.0,OHARE,371.8356076134321
2019,77,57649.0,EDGEWATER,48.449990830225794
2020,1,55643.0,ROGERS PARK,51.25990244057384
2020,2,78763.0,WEST RIDGE,98.4290948429624
2020,3,59453.0,UPTOWN,65.09564271609112
2020,4,41350.0,LINCOLN SQUARE,71.35232822594875
2020,5,36142.0,NORTH CENTER,57.05416783863191
2020,6,101428.0,LAKE VIEW,87.21479925558447
2020,7,69568.0,LINCOLN PARK,88.31640045539218
2020,8,95405.0,NEAR NORTH SIDE,76.67589595801923
2020,9,11002.0,EDISON PARK,31.63631378020181
2020,10,38088.0,NORWOOD PARK,121.95910544621267
2020,11,27194.0,JEFFERSON PARK,64.86816166921948
2020,12,19928.0,FOREST GLEN,89.13089361873274
2020,13,18806.0,NORTH PARK,70.28870642060181
2020,14,49280.0,ALBANY PARK,53.54223080864773
2020,15,63919.0,PORTAGE PARK,110.19609711747748
2020,16,53604.0,IRVING PARK,89.61138229311392
2020,17,43587.0,DUNNING,103.5950011545707
2020,18,14382.0,MONTCLARE,27.576393627174237
2020,19,78788.0,BELMONT CRAGIN,109.09941466771691
2020,20,23163.0,HERMOSA,32.60205939915233
2020,21,37360.0,AVONDALE,55.29059546222403
2020,22,71247.0,LOGAN SQUARE,100.05756668057336
2020,23,54401.0,HUMBOLDT PARK,100.48087648273764
2020,24,84564.0,WEST TOWN,127.56290457232984
2020,25,95073.0,AUSTIN,199.25420338818205
2020,26,16489.0,WEST GARFIELD PARK,36.09284880796031
2020,27,18075.0,EAST GARFIELD PARK,53.88322083574582
2020,28,62816.0,NEAR WEST SIDE,158.49246652347665
2020,29,31310.0,NORTH LAWNDALE,89.48742200680012
2020,30,70235.0,SOUTH LAWNDALE,127.99829784190968
2020,31,32672.0,LOWER WEST SIDE,81.55072362189355
2020,32,39327.0,LOOP,46.3355654497116
2020,33,26376.0,NEAR SOUTH SIDE,49.769639444136615
2020,34,13401.0,ARMOUR SQUARE,27.766196090094883
2020,35,21450.0,DOUGLAS,46.004621149279
2020,36,6973.0,OAKLAND,16.913961037490527
2020,37,2149.0,FULLER PARK,19.916704865338488
2020,38,23669.0,GRAND BOULEVARD,48.49250314605212
2020,39,17972.0,KENWOOD,29.071741922715727
2020,40,10427.0,WASHINGTON PARK,42.37388147613499
2020,41,27722.0,HYDE PARK,45.10538016450888
2020,42,23251.0,WOODLAWN,57.81517950095547
2020,43,51992.0,SOUTH SHORE,81.81271638009841
2020,44,31363.0,CHATHAM,82.32067029535114
2020,45,9629.0,AVALON PARK,34.852737729948345
2020,46,29977.0,SOUTH CHICAGO,93.2721849914544
2020,47,2180.0,BURNSIDE,16.995983270423185
2020,48,12343.0,CALUMET HEIGHTS,48.82624155505823
2020,49,39623.0,ROSELAND,134.31370670490057
2020,50,7131.0,PULLMAN,59.00155559069487
2020,51,15144.0,SOUTH DEERING,303.79705960132867
2020,52,22999.0,EAST SIDE,83.24172803329057
2020,53,26484.0,WEST PULLMAN,99.36519806341394
2020,54,7414.0,RIVERDALE,98.38949739579031
2020,55,9175.0,HEGEWISCH,145.96574140897752
2020,56,36049.0,GARFIELD RIDGE,117.89077840626808
2020,57,13533.0,ARCHER HEIGHTS,55.92250571042751
2020,58,42728.0,BRIGHTON PARK,75.89279029683405
2020,59,15246.0,MCKINLEY PARK,39.431799640295466
2020,60,32901.0,BRIDGEPORT,58.29151926539481
2020,61,39055.0,NEW CITY,134.6369632279751
2020,62,18523.0,WEST ELSDON,32.71109141959873
2020,63,35300.0,GAGE PARK,61.28489610145672
2020,64,24382.0,CLEARING,71.14519236904174
2020,65,32162.0,WEST LAWN,82.3153016672832
2020,66,51243.0,CHICAGO LAWN,98.27946509626284
2020,67,26158.0,WEST ENGLEWOOD,87.94769193108257
2020,68,22019.0,ENGLEWOOD,85.65232306609218
2020,69,29429.0,GREATER GRAND CROSSING,98.85316769023828
2020,70,42902.0,ASHBURN,135.46033718240324
2020,71,46698.0,AUBURN GRESHAM,105.06535358129682
2020,72,19817.0,BEVERLY,88.7793639211539
2020,73,26940.0,WASHINGTON HEIGHTS,79.63575286171745
2020,74,18840.0,MOUNT GREENWOOD,75.58429000631087
2020,75,20526.0,MORGAN PARK,91.877340681314
2020,76,13285.0,OHARE,371.8356076134321
2020,77,58693.0,EDGEWATER,48.449990830225794
2021,1,55789.0,ROGERS PARK,51.25990244057384
2021,2,79897.0,WEST RIDGE,98.4290948429624
2021,3,59119.0,UPTOWN,65.09564271609112
2021,4,42338.0,LINCOLN SQUARE,71.35232822594875
2021,5,37094.0,NORTH CENTER,57.05416783863191
2021,6,102611.0,LAKE VIEW,87.21479925558447
2021,7,69641.0,LINCOLN PARK,88.31640045539218
2021,8,98505.0,NEAR NORTH SIDE,76.67589595801923
2021,9,11494.0,EDISON PARK,31.63631378020181
2021,10,39235.0,NORWOOD PARK,121.95910544621267
2021,11,27172.0,JEFFERSON PARK,64.86816166921948
2021,12,20311.0,FOREST GLEN,89.13089361873274
2021,13,18847.0,NORTH PARK,70.28870642060181
2021,14,48647.0,ALBANY PARK,53.54223080864773
2021,15,65563.0,PORTAGE PARK,110.19609711747748
2021,16,54280.0,IRVING PARK,89.61138229311392
2021,17,44277.0,DUNNING,103.5950011545707
2021,18,13776.0,MONTCLARE,27.576393627174237
2021,19,78610.0,BELMONT CRAGIN,109.09941466771691
2021,20,23201.0,HERMOSA,32.60205939915233
2021,21,36820.0,AVONDALE,55.29059546222403
2021,22,71408.0,LOGAN SQUARE,100.05756668057336
2021,23,55785.0,HUMBOLDT PARK,100.48087648273764
2021,24,86881.0,WEST TOWN,127.56290457232984
2021,25,97313.0,AUSTIN,199.25420338818205
2021,26,17289.0,WEST GARFIELD PARK,36.09284880796031
2021,27,19908.0,EAST GARFIELD PARK,53.88322083574582
2021,28,65019.0,NEAR WEST SIDE,158.49246652347665
2021,29,32106.0,NORTH LAWNDALE,89.48742200680012
2021,30,70281.0,SOUTH LAWNDALE,127.99829784190968
2021,31,33588.0,LOWER WEST SIDE,81.55072362189355
2021,32,39834.0,LOOP,46.3355654497116
2021,33,26816.0,NEAR SOUTH SIDE,49.769639444136615
2021,34,13284.0,ARMOUR SQUARE,27.766196090094883
2021,35,21278.0,DOUGLAS,46.004621149279
2021,36,7413.0,OAKLAND,16.913961037490527
2021,37,2213.0,FULLER PARK,19.916704865338488
2021,38,24401.0,GRAND BOULEVARD,48.49250314605212
2021,39,18492.0,KENWOOD,29.071741922715727
2021,40,11607.0,WASHINGTON PARK,42.37388147613499
2021,41,28801.0,HYDE PARK,45.10538016450888
2021,42,23966.0,WOODLAWN,57.81517950095547
2021,43,54209.0,SOUTH SHORE,81.81271638009841
2021,44,32486.0,CHATHAM,82.32067029535114
2021,45,9782.0,AVALON PARK,34.852737729948345
2021,46,30399.0,SOUTH CHICAGO,93.2721849914544
2021,47,2652.0,BURNSIDE,16.995983270423185
2021,48,12843.0,CALUMET HEIGHTS,48.82624155505823
2021,49,39128.0,ROSELAND,134.31370670490057
2021,50,7147.0,PULLMAN,59.00155559069487
2021,51,15198.0,SOUTH DEERING,303.79705960132867
2021,52,24429.0,EAST SIDE,83.24172803329057
2021,53,26951.0,WEST PULLMAN,99.36519806341394
2021,54,7934.0,RIVERDALE,98.38949739579031
2021,55,9243.0,HEGEWISCH,145.96574140897752
2021,56,36704.0,GARFIELD RIDGE,117.89077840626808
2021,57,13591.0,ARCHER HEIGHTS,55.92250571042751
2021,58,43197.0,BRIGHTON PARK,75.89279029683405
2021,59,15558.0,MCKINLEY PARK,39.431799640295466
2021,60,34427.0,BRIDGEPORT,58.29151926539481
2021,61,39573.0,NEW CITY,134.6369632279751
2021,62,18022.0,WEST ELSDON,32.71109141959873
2021,63,35621.0,GAGE PARK,61.28489610145672
2021,64,25507.0,CLEARING,71.14519236904174
2021,65,32398.0,WEST LAWN,82.3153016672832
2021,66,51169.0,CHICAGO LAWN,98.27946509626284
2021,67,26282.0,WEST ENGLEWOOD,87.94769193108257
2021,68,21054.0,ENGLEWOOD,85.65232306609218
2021,69,29309.0,GREATER GRAND CROSSING,98.85316769023828
2021,70,44215.0,ASHBURN,135.46033718240324
2021,71,48039.0,AUBURN GRESHAM,105.06535358129682
2021,72,19919.0,BEVERLY,88.7793639211539
2021,73,26676.0,WASHINGTON HEIGHTS,79.63575286171745
2021,74,19477.0,MOUNT GREENWOOD,75.58429000631087
2021,75,21627.0,MORGAN PARK,91.877340681314
2021,76,13418.0,OHARE,371.8356076134321
2021,77,58084.0,EDGEWATER,48.449990830225794
2022,1,55711.0,ROGERS PARK,51.25990244057384
2022,2,79265.0,WEST RIDGE,98.4290948429624
2022,3,57464.0,UPTOWN,65.09564271609112
2022,4,42271.0,LINCOLN SQUARE,71.35232822594875
2022,5,35814.0,NORTH CENTER,57.05416783863191
2022,6,101739.0,LAKE VIEW,87.21479925558447
2022,7,69099.0,LINCOLN PARK,88.31640045539218
2022,8,101208.0,NEAR NORTH SIDE,76.67589595801923
2022,9,11402.0,EDISON PARK,31.63631378020181
2022,10,39326.0,NORWOOD PARK,121.95910544621267
2022,11,27032.0,JEFFERSON PARK,64.86816166921948
2022,12,19855.0,FOREST GLEN,89.13089361873274
2022,13,19398.0,NORTH PARK,70.28870642060181
2022,14,47663.0,ALBANY PARK,53.54223080864773
2022,15,64213.0,PORTAGE PARK,110.19609711747748
2022,16,53584.0,IRVING PARK,89.61138229311392
2022,17,42574.0,DUNNING,103.5950011545707
2022,18,13765.0,MONTCLARE,27.576393627174237
2022,19,73991.0,BELMONT CRAGIN,109.09941466771691
2022,20,23157.0,HERMOSA,32.60205939915233
2022,21,36374.0,AVONDALE,55.29059546222403
2022,22,71220.0,LOGAN SQUARE,100.05756668057336
2022,23,55416.0,HUMBOLDT PARK,100.48087648273764
2022,24,86514.0,WEST TOWN,127.56290457232984
2022,25,100120.0,AUSTIN,199.25420338818205
2022,26,16374.0,WEST GARFIELD PARK,36.09284880796031
2022,27,19901.0,EAST GARFIELD PARK,53.88322083574582
2022,28,65581.0,NEAR WEST SIDE,158.49246652347665
2022,29,30409.0,NORTH LAWNDALE,89.48742200680012
2022,30,69708.0,SOUTH LAWNDALE,127.99829784190968
2022,31,34237.0,LOWER WEST SIDE,81.55072362189355
2022,32,41671.0,LOOP,46.3355654497116
2022,33,28216.0,NEAR SOUTH SIDE,49.769639444136615
2022,34,13193.0,ARMOUR SQUARE,27.766196090094883
2022,35,21355.0,DOUGLAS,46.004621149279
2022,36,6977.0,OAKLAND,16.913961037490527
2022,37,2142.0,FULLER PARK,19.916704865338488
2022,38,24813.0,GRAND BOULEVARD,48.49250314605212
2022,39,18637.0,KENWOOD,29.071741922715727
2022,40,12366.0,WASHINGTON PARK,42.37388147613499
2022,41,29559.0,HYDE PARK,45.10538016450888
2022,42,24645.0,WOODLAWN,57.81517950095547
2022,43,54974.0,SOUTH SHORE,81.81271638009841
2022,44,31341.0,CHATHAM,82.32067029535114
2022,45,9647.0,AVALON PARK,34.852737729948345
2022,46,30315.0,SOUTH CHICAGO,93.2721849914544
2022,47,2246.0,BURNSIDE,16.995983270423185
2022,48,12087.0,CALUMET HEIGHTS,48.82624155505823
2022,49,37610.0,ROSELAND,134.31370670490057
2022,50,6856.0,PULLMAN,59.00155559069487
2022,51,15218.0,SOUTH DEERING,303.79705960132867
2022,52,23942.0,EAST SIDE,83.24172803329057
2022,53,25449.0,WEST PULLMAN,99.36519806341394
2022,54,7817.0,RIVERDALE,98.38949739579031
2022,55,9025.0,HEGEWISCH,145.96574140897752
2022,56,36401.0,GARFIELD RIDGE,117.89077840626808
2022,57,13867.0,ARCHER HEIGHTS,55.92250571042751
2022,58,42243.0,BRIGHTON PARK,75.89279029683405
2022,59,15479.0,MCKINLEY PARK,39.431799640295466
2022,60,33221.0,BRIDGEPORT,58.29151926539481
2022,61,41048.0,NEW CITY,134.6369632279751
2022,62,18366.0,WEST ELSDON,32.71109141959873
2022,63,34788.0,GAGE PARK,61.28489610145672
2022,64,24728.0,CLEARING,71.14519236904174
2022,65,32594.0,WEST LAWN,82.3153016672832
2022,66,52464.0,CHICAGO LAWN,98.27946509626284
2022,67,25772.0,WEST ENGLEWOOD,87.94769193108257
2022,68,21378.0,ENGLEWOOD,85.65232306609218
2022,69,28991.0,GREATER GRAND CROSSING,98.85316769023828
2022,70,42745.0,ASHBURN,135.46033718240324
2022,71,46468.0,AUBURN GRESHAM,105.06535358129682
2022,72,19781.0,BEVERLY,88.7793639211539
2022,73,26456.0,WASHINGTON HEIGHTS,79.63575286171745
2022,74,19121.0,MOUNT GREENWOOD,75.58429000631087
2022,75,20718.0,MORGAN PARK,91.877340681314
2022,76,13771.0,OHARE,371.8356076134321
2022,77,56099.0,EDGEWATER,48.449990830225794
2023,1,54388.0,ROGERS PARK,51.25990244057384
2023,2,78227.0,WEST RIDGE,98.4290948429624
2023,3,57331.0,UPTOWN,65.09564271609112
2023,4,41673.0,LINCOLN SQUARE,71.35232822594875
2023,5,35408.0,NORTH CENTER,57.05416783863191
2023,6,101163.0,LAKE VIEW,87.21479925558447
2023,7,67831.0,LINCOLN PARK,88.31640045539218
2023,8,104712.0,NEAR NORTH SIDE,76.67589595801923
2023,9,11203.0,EDISON PARK,31.63631378020181
2023,10,38566.0,NORWOOD PARK,121.95910544621267
2023,11,26643.0,JEFFERSON PARK,64.86816166921948
2023,12,19517.0,FOREST GLEN,89.13089361873274
2023,13,18742.0,NORTH PARK,70.28870642060181
2023,14,46620.0,ALBANY PARK,53.54223080864773
2023,15,61793.0,PORTAGE PARK,110.19609711747748
2023,16,53832.0,IRVING PARK,89.61138229311392
2023,17,41816.0,DUNNING,103.5950011545707
2023,18,14084.0,MONTCLARE,27.576393627174237
2023,19,72918.0,BELMONT CRAGIN,109.09941466771691
2023,20,22776.0,HERMOSA,32.60205939915233
2023,21,35489.0,AVONDALE,55.29059546222403
2023,22,70872.0,LOGAN SQUARE,100.05756668057336
2023,23,55598.0,HUMBOLDT PARK,100.48087648273764
2023,24,86596.0,WEST TOWN,127.56290457232984
2023,25,98882.0,AUSTIN,199.25420338818205
2023,26,15619.0,WEST GARFIELD PARK,36.09284880796031
2023,27,20526.0,EAST GARFIELD PARK,53.88322083574582
2023,28,66084.0,NEAR WEST SIDE,158.49246652347665
2023,29,31244.0,NORTH LAWNDALE,89.48742200680012
2023,30,68798.0,SOUTH LAWNDALE,127.99829784190968
2023,31,33279.0,LOWER WEST SIDE,81.55072362189355
2023,32,42181.0,LOOP,46.3355654497116
2023,33,29174.0,NEAR SOUTH SIDE,49.769639444136615
2023,34,14207.0,ARMOUR SQUARE,27.766196090094883
2023,35,21756.0,DOUGLAS,46.004621149279
2023,36,6946.0,OAKLAND,16.913961037490527
2023,37,2142.0,FULLER PARK,19.916704865338488
2023,38,26345.0,GRAND BOULEVARD,48.49250314605212
2023,39,18138.0,KENWOOD,29.071741922715727
2023,40,13111.0,WASHINGTON PARK,42.37388147613499
2023,41,29591.0,HYDE PARK,45.10538016450888
2023,42,24628.0,WOODLAWN,57.81517950095547
2023,43,53673.0,SOUTH SHORE,81.81271638009841
2023,44,30749.0,CHATHAM,82.32067029535114
2023,45,9481.0,AVALON PARK,34.852737729948345
2023,46,29381.0,SOUTH CHICAGO,93.2721849914544
2023,47,2148.0,BURNSIDE,16.995983270423185
2023,48,11645.0,CALUMET HEIGHTS,48.82624155505823
2023,49,36700.0,ROSELAND,134.31370670490057
2023,50,6741.0,PULLMAN,59.00155559069487
2023,51,14210.0,SOUTH DEERING,303.79705960132867
2023,52,22793.0,EAST SIDE,83.24172803329057
2023,53,24470.0,WEST PULLMAN,99.36519806341394
2023,54,7536.0,RIVERDALE,98.38949739579031
2023,55,8971.0,HEGEWISCH,145.96574140897752
2023,56,36426.0,GARFIELD RIDGE,117.89077840626808
2023,57,14021.0,ARCHER HEIGHTS,55.92250571042751
2023,58,42062.0,BRIGHTON PARK,75.89279029683405
2023,59,15443.0,MCKINLEY PARK,39.431799640295466
2023,60,33123.0,BRIDGEPORT,58.29151926539481
2023,61,41869.0,NEW CITY,134.6369632279751
2023,62,18568.0,WEST ELSDON,32.71109141959873
2023,63,35691.0,GAGE PARK,61.28489610145672
2023,64,24924.0,CLEARING,71.14519236904174
2023,65,32649.0,WEST LAWN,82.3153016672832
2023,66,53460.0,CHICAGO LAWN,98.27946509626284
2023,67,26729.0,WEST ENGLEWOOD,87.94769193108257
2023,68,21411.0,ENGLEWOOD,85.65232306609218
2023,69,29563.0,GREATER GRAND CROSSING,98.85316769023828
2023,70,42079.0,ASHBURN,135.46033718240324
2023,71,45049.0,AUBURN GRESHAM,105.06535358129682
2023,72,19570.0,BEVERLY,88.7793639211539
2023,73,25312.0,WASHINGTON HEIGHTS,79.63575286171745
2023,74,18553.0,MOUNT GREENWOOD,75.58429000631087
2023,75,21318.0,MORGAN PARK,91.877340681314
2023,76,13773.0,OHARE,371.8356076134321
2023,77,56146.0,EDGEWATER,48.449990830225794
2024,1,54173.0,ROGERS PARK,51.25990244057384
2024,2,78373.0,WEST RIDGE,98.4290948429624
2024,3,56344.0,UPTOWN,65.09564271609112
2024,4,41651.0,LINCOLN SQUARE,71.35232822594875
2024,5,36014.0,NORTH CENTER,57.05416783863191
2024,6,102827.0,LAKE VIEW,87.21479925558447
2024,7,67987.0,LINCOLN PARK,88.31640045539218
2024,8,107331.0,NEAR NORTH SIDE,76.67589595801923
2024,9,11558.0,EDISON PARK,31.63631378020181
2024,10,39530.0,NORWOOD PARK,121.95910544621267
2024,11,26649.0,JEFFERSON PARK,64.86816166921948
2024,12,19901.0,FOREST GLEN,89.13089361873274
2024,13,18356.0,NORTH PARK,70.28870642060181
2024,14,45538.0,ALBANY PARK,53.54223080864773
2024,15,63031.0,PORTAGE PARK,110.19609711747748
2024,16,53332.0,IRVING PARK,89.61138229311392
2024,17,41233.0,DUNNING,103.5950011545707
2024,18,14280.0,MONTCLARE,27.576393627174237
2024,19,72088.0,BELMONT CRAGIN,109.09941466771691
2024,20,22576.0,HERMOSA,32.60205939915233
2024,21,35533.0,AVONDALE,55.29059546222403
2024,22,71160.0,LOGAN SQUARE,100.05756668057336
2024,23,56153.0,HUMBOLDT PARK,100.48087648273764
2024,24,88197.0,WEST TOWN,127.56290457232984
2024,25,97452.0,AUSTIN,199.25420338818205
2024,26,15096.0,WEST GARFIELD PARK,36.09284880796031
2024,27,20731.0,EAST GARFIELD PARK,53.88322083574582
2024,28,68165.0,NEAR WEST SIDE,158.49246652347665
2024,29,33958.0,NORTH LAWNDALE,89.48742200680012
2024,30,69884.0,SOUTH LAWNDALE,127.99829784190968
2024,31,33446.0,LOWER WEST SIDE,81.55072362189355
2024,32,42550.0,LOOP,46.3355654497116
2024,33,30482.0,NEAR SOUTH SIDE,49.769639444136615
2024,34,13848.0,ARMOUR SQUARE,27.766196090094883
2024,35,21088.0,DOUGLAS,46.004621149279
2024,36,6937.0,OAKLAND,16.913961037490527
2024,37,2270.0,FULLER PARK,19.916704865338488
2024,38,25181.0,GRAND BOULEVARD,48.49250314605212
2024,39,18417.0,KENWOOD,29.071741922715727
2024,40,12313.0,WASHINGTON PARK,42.37388147613499
2024,41,30599.0,HYDE PARK,45.10538016450888
2024,42,24355.0,WOODLAWN,57.81517950095547
2024,43,53034.0,SOUTH SHORE,81.81271638009841
2024,44,29895.0,CHATHAM,82.32067029535114
2024,45,9071.0,AVALON PARK,34.852737729948345
2024,46,27551.0,SOUTH CHICAGO,93.2721849914544
2024,47,2304.0,BURNSIDE,16.995983270423185
2024,48,11229.0,CALUMET HEIGHTS,48.82624155505823
2024,49,36635.0,ROSELAND,134.31370670490057
2024,50,6744.0,PULLMAN,59.00155559069487
2024,51,12854.0,SOUTH DEERING,303.79705960132867
2024,52,22687.0,EAST SIDE,83.24172803329057
2024,53,24549.0,WEST PULLMAN,99.36519806341394
2024,54,7518.0,RIVERDALE,98.38949739579031
2024,55,8853.0,HEGEWISCH,145.96574140897752
2024,56,36732.0,GARFIELD RIDGE,117.89077840626808
2024,57,13414.0,ARCHER HEIGHTS,55.92250571042751
2024,58,42994.0,BRIGHTON PARK,75.89279029683405
2024,59,14854.0,MCKINLEY PARK,39.431799640295466
2024,60,33675.0,BRIDGEPORT,58.29151926539481
2024,61,40140.0,NEW CITY,134.6369632279751
2024,62,17901.0,WEST ELSDON,32.71109141959873
2024,63,36081.0,GAGE PARK,61.28489610145672
2024,64,23629.0,CLEARING,71.14519236904174
2024,65,31942.0,WEST LAWN,82.3153016672832
2024,66,54409.0,CHICAGO LAWN,98.27946509626284
2024,67,28144.0,WEST ENGLEWOOD,87.94769193108257
2024,68,23195.0,ENGLEWOOD,85.65232306609218
2024,69,29143.0,GREATER GRAND CROSSING,98.85316769023828
2024,70,42007.0,ASHBURN,135.46033718240324
2024,71,43779.0,AUBURN GRESHAM,105.06535358129682
2024,72,19521.0,BEVERLY,88.7793639211539
2024,73,24851.0,WASHINGTON HEIGHTS,79.63575286171745
2024,74,19059.0,MOUNT GREENWOOD,75.58429000631087
2024,75,20865.0,MORGAN PARK,91.877340681314
2024,76,14145.0,OHARE,371.8356076134321
2024,77,56563.0,EDGEWATER,48.449990830225794
